tstamp,nspots,hem,nflares,c,latitude,mean_of_wtd_means,mean_of_wtd_stds,std_of_wtd_means,std__of_wtd_stds
2022_03_30_20_21_2022_03_30_19_47,1,bi-hem.,40-60,#E69F00,10,0.040497447155739254,0.08100133980478492,0.0008353793395994949,0.003024132701133802
2022_03_30_20_21_2022_03_30_19_47,1,bi-hem.,40-60,#E69F00,15,0.039796633346097066,0.07797256539648154,0.0011579670253233337,0.003971452295482629
2022_03_30_20_21_2022_03_30_19_47,1,bi-hem.,40-60,#E69F00,20,0.038757769845972574,0.07382349071204264,0.0009021198135986895,0.003552997351530902
2022_03_30_20_21_2022_03_30_19_47,1,bi-hem.,40-60,#E69F00,25,0.03817642763543585,0.07155692400946599,0.0007925613810612264,0.0033759578891171026
2022_03_30_20_21_2022_03_30_19_47,1,bi-hem.,40-60,#E69F00,30,0.037400221595493624,0.06822024040421895,0.0011889786745079112,0.004527545615578314
2022_03_30_20_21_2022_03_30_19_47,1,bi-hem.,40-60,#E69F00,35,0.03654392054449029,0.0647186553390007,0.001055459685335987,0.004626987984004056
2022_03_30_20_21_2022_03_30_19_47,1,bi-hem.,40-60,#E69F00,40,0.03581415969877329,0.060782882332230434,0.000772172864517004,0.0037015318442287525
2022_03_30_20_21_2022_03_30_19_47,1,bi-hem.,40-60,#E69F00,45,0.0350637730248606,0.05805170270018158,0.0008520741368394163,0.0036199690783464016
2022_03_30_20_21_2022_03_30_19_47,1,bi-hem.,40-60,#E69F00,50,0.03497500038386289,0.05680542575747376,0.0009590270140116574,0.004894675545150637
2022_03_30_20_21_2022_03_30_19_47,1,bi-hem.,40-60,#E69F00,55,0.03418497881784143,0.05270695239141191,0.0007940795384711243,0.003860016769185777
2022_03_30_20_21_2022_03_30_19_47,1,bi-hem.,40-60,#E69F00,60,0.03336896193239894,0.04889869268942209,0.0007152502277091492,0.0044520940521747526
2022_03_30_20_21_2022_03_30_19_47,1,bi-hem.,40-60,#E69F00,65,0.03284959343963029,0.04544794981390184,0.0005755468162370251,0.003387377933813172
2022_03_30_20_21_2022_03_30_19_47,1,bi-hem.,40-60,#E69F00,70,0.03222383781595835,0.04111626280596942,0.0005791915248332815,0.00414986406164367
2022_03_30_20_21_2022_03_30_19_47,1,bi-hem.,40-60,#E69F00,75,0.031628864633363396,0.03687012457509422,0.00065170534568267,0.004549134654573858
2022_03_30_20_21_2022_03_30_19_47,1,bi-hem.,40-60,#E69F00,80,0.031170976563921562,0.03285320663938055,0.0005210824589035658,0.00407865437377667
2022_03_29_10_44_2022_03_29_09_43,1,bi-hem.,20-40,#E69F00,10,0.05636879102814539,0.09906045086408091,0.001225969057322437,0.0031023491106706097
2022_03_29_10_44_2022_03_29_09_43,1,bi-hem.,20-40,#E69F00,15,0.05489006395230709,0.09489641163864614,0.0017107817849896887,0.004899212606559599
2022_03_29_10_44_2022_03_29_09_43,1,bi-hem.,20-40,#E69F00,20,0.05429885992535839,0.09247045033159569,0.001536852401216692,0.004539384737026906
2022_03_29_10_44_2022_03_29_09_43,1,bi-hem.,20-40,#E69F00,25,0.052547710090941294,0.0863768874872975,0.0015640410552241254,0.004416222048791823
2022_03_29_10_44_2022_03_29_09_43,1,bi-hem.,20-40,#E69F00,30,0.051991668637867396,0.0839748810290374,0.001425108646519823,0.004010453894786274
2022_03_29_10_44_2022_03_29_09_43,1,bi-hem.,20-40,#E69F00,35,0.05106385332665217,0.08091110566149529,0.0013740503877501511,0.003979683545661107
2022_03_29_10_44_2022_03_29_09_43,1,bi-hem.,20-40,#E69F00,40,0.049575843968901794,0.07626501732917809,0.0012548431972130942,0.004285474458852363
2022_03_29_10_44_2022_03_29_09_43,1,bi-hem.,20-40,#E69F00,45,0.04869815890887235,0.07212736581154917,0.0014577941263774295,0.005807737868044295
2022_03_29_10_44_2022_03_29_09_43,1,bi-hem.,20-40,#E69F00,50,0.047671099236765824,0.06839035799871095,0.0012595159610739877,0.004548991358784828
2022_03_29_10_44_2022_03_29_09_43,1,bi-hem.,20-40,#E69F00,55,0.047009474903796436,0.0642642471225138,0.0011257327417283547,0.004465081779972671
2022_03_29_10_44_2022_03_29_09_43,1,bi-hem.,20-40,#E69F00,60,0.04654790122585866,0.062065075273289014,0.001233629813876398,0.004349307091701036
2022_03_29_10_44_2022_03_29_09_43,1,bi-hem.,20-40,#E69F00,65,0.045229819193276816,0.05613643370770577,0.0009435977402435579,0.004497602215643752
2022_03_29_10_44_2022_03_29_09_43,1,bi-hem.,20-40,#E69F00,70,0.04454815385449466,0.05253353685847023,0.0005613792450292409,0.0031723813226617282
2022_03_29_10_44_2022_03_29_09_43,1,bi-hem.,20-40,#E69F00,75,0.04411841609631573,0.04924929293819748,0.0009471162873486948,0.004149302621721635
2022_03_29_10_44_2022_03_29_09_43,1,bi-hem.,20-40,#E69F00,80,0.043099769677400514,0.04354924164375916,0.0007120976796389121,0.003263804803121712
2022_03_30_20_42_2022_03_30_20_25,1,bi-hem.,17-28,#E69F00,10,0.0693627708628892,0.11313325260175428,0.0020649760343512576,0.004626929735542615
2022_03_30_20_42_2022_03_30_20_25,1,bi-hem.,17-28,#E69F00,15,0.06694876937711255,0.10553170034646173,0.0013969632296029753,0.00351270252831377
2022_03_30_20_42_2022_03_30_20_25,1,bi-hem.,17-28,#E69F00,20,0.06574929932474476,0.10269900615355988,0.0014713101048493716,0.004561686495089967
2022_03_30_20_42_2022_03_30_20_25,1,bi-hem.,17-28,#E69F00,25,0.06387969627492605,0.09664226538305078,0.00163293029905368,0.004535932439049988
2022_03_30_20_42_2022_03_30_20_25,1,bi-hem.,17-28,#E69F00,30,0.06245140770645047,0.09198260818101454,0.0015701049850438246,0.0047827098542473035
2022_03_30_20_42_2022_03_30_20_25,1,bi-hem.,17-28,#E69F00,35,0.06167669720284622,0.0883130230599005,0.0017092826690272695,0.004297093325046758
2022_03_30_20_42_2022_03_30_20_25,1,bi-hem.,17-28,#E69F00,40,0.060492727413256966,0.08511494536303081,0.001545571951140681,0.00475632092912712
2022_03_30_20_42_2022_03_30_20_25,1,bi-hem.,17-28,#E69F00,45,0.059598089190866795,0.08185069413788942,0.001441585103776802,0.004481696841349058
2022_03_30_20_42_2022_03_30_20_25,1,bi-hem.,17-28,#E69F00,50,0.05855860132397603,0.07786936685519233,0.0013273268323294675,0.00415776005868356
2022_03_30_20_42_2022_03_30_20_25,1,bi-hem.,17-28,#E69F00,55,0.057921401832224044,0.07465859442392381,0.001194668614307314,0.0038348310627812784
2022_03_30_20_42_2022_03_30_20_25,1,bi-hem.,17-28,#E69F00,60,0.056795389521628936,0.07008865360371858,0.001207140670709332,0.004784795412729579
2022_03_30_20_42_2022_03_30_20_25,1,bi-hem.,17-28,#E69F00,65,0.05610179914089711,0.06623599816887088,0.0013822211748318561,0.004215416173586789
2022_03_30_20_42_2022_03_30_20_25,1,bi-hem.,17-28,#E69F00,70,0.05472641461462455,0.060797382660770755,0.0006828313236714897,0.003508445479191163
2022_03_30_20_42_2022_03_30_20_25,1,bi-hem.,17-28,#E69F00,75,0.05422401579634876,0.05704349679072108,0.0009511892861847353,0.0033440834560730212
2022_03_30_20_42_2022_03_30_20_25,1,bi-hem.,17-28,#E69F00,80,0.05302510168937948,0.05096145767748491,0.0009695430708227714,0.003446424657278266
2022_03_24_15_52_2022_03_24_15_18,1,bi-hem.,10-20,#E69F00,10,0.09219988327161185,0.13369322980152282,0.0031381116367675322,0.005940269141717607
2022_03_24_15_52_2022_03_24_15_18,1,bi-hem.,10-20,#E69F00,15,0.09089018154400733,0.12973722782252106,0.0030279430890980705,0.005867835358601612
2022_03_24_15_52_2022_03_24_15_18,1,bi-hem.,10-20,#E69F00,20,0.08848998221834548,0.12316405227596303,0.002429876228721345,0.004965423399821007
2022_03_24_15_52_2022_03_24_15_18,1,bi-hem.,10-20,#E69F00,25,0.0871389579555117,0.12065293048131112,0.0033056536616834042,0.0074491800100651645
2022_03_24_15_52_2022_03_24_15_18,1,bi-hem.,10-20,#E69F00,30,0.08620548871471542,0.11662408087783407,0.0022880752319194195,0.005131626365599176
2022_03_24_15_52_2022_03_24_15_18,1,bi-hem.,10-20,#E69F00,35,0.0838619565191965,0.10989824734922118,0.0027740256349347756,0.006443528110775105
2022_03_24_15_52_2022_03_24_15_18,1,bi-hem.,10-20,#E69F00,40,0.08209221697311428,0.10592179420612632,0.0018975955158857017,0.004891292018050208
2022_03_24_15_52_2022_03_24_15_18,1,bi-hem.,10-20,#E69F00,45,0.08053412017853877,0.10022689574522879,0.002325589576218864,0.005957319680419107
2022_03_24_15_52_2022_03_24_15_18,1,bi-hem.,10-20,#E69F00,50,0.07869063423688158,0.09483536836362678,0.0024341721976297945,0.0073491231470173765
2022_03_24_15_52_2022_03_24_15_18,1,bi-hem.,10-20,#E69F00,55,0.07763544735650693,0.09090215473740536,0.0017159662611382375,0.0051571637550964985
2022_03_24_15_52_2022_03_24_15_18,1,bi-hem.,10-20,#E69F00,60,0.07785074934057214,0.09032705937567241,0.001790679133603976,0.0053828180933865296
2022_03_24_15_52_2022_03_24_15_18,1,bi-hem.,10-20,#E69F00,65,0.07643631195795071,0.08470360197728592,0.0018802889411675926,0.006114651356743026
2022_03_24_15_52_2022_03_24_15_18,1,bi-hem.,10-20,#E69F00,70,0.07464520081223755,0.078505477163564,0.0017131603653716655,0.005074762152208937
2022_03_24_15_52_2022_03_24_15_18,1,bi-hem.,10-20,#E69F00,75,0.0731728133610983,0.07252186549205258,0.0016138151964020517,0.003531541984832302
2022_03_24_15_52_2022_03_24_15_18,1,bi-hem.,10-20,#E69F00,80,0.07313498735248623,0.07187445286748782,0.001557144390923582,0.004497972331685695
2022_03_30_21_00_2022_03_30_20_44,1,bi-hem.,8-15,#E69F00,10,0.1121725738891988,0.15222456221128863,0.0036702094146692024,0.00620037565918414
2022_03_30_21_00_2022_03_30_20_44,1,bi-hem.,8-15,#E69F00,15,0.11041624096481241,0.14722904214234872,0.004193463028620038,0.007817149154060602
2022_03_30_21_00_2022_03_30_20_44,1,bi-hem.,8-15,#E69F00,20,0.10737187053184395,0.14003567344896714,0.003196870640409863,0.006354582554927921
2022_03_30_21_00_2022_03_30_20_44,1,bi-hem.,8-15,#E69F00,25,0.10495703302492543,0.13390709860738095,0.003053433524250331,0.006615962965996559
2022_03_30_21_00_2022_03_30_20_44,1,bi-hem.,8-15,#E69F00,30,0.10379883524734623,0.12944763909849874,0.00323134201672271,0.005669262786482964
2022_03_30_21_00_2022_03_30_20_44,1,bi-hem.,8-15,#E69F00,35,0.10213262534457418,0.12507597113199997,0.004006583711461087,0.008177200821960027
2022_03_30_21_00_2022_03_30_20_44,1,bi-hem.,8-15,#E69F00,40,0.10035891746871686,0.12037199860861585,0.0032447717884957765,0.00654785288509689
2022_03_30_21_00_2022_03_30_20_44,1,bi-hem.,8-15,#E69F00,45,0.09840923335621247,0.11474739018220252,0.003243870730547045,0.006628512290419682
2022_03_30_21_00_2022_03_30_20_44,1,bi-hem.,8-15,#E69F00,50,0.09691648013601327,0.11025518529953503,0.003568404014078109,0.007994169791894627
2022_03_30_21_00_2022_03_30_20_44,1,bi-hem.,8-15,#E69F00,55,0.09559966411944067,0.10593620208236666,0.0023895311683323705,0.005981976311177895
2022_03_30_21_00_2022_03_30_20_44,1,bi-hem.,8-15,#E69F00,60,0.09482272283706257,0.10214609813600212,0.0022474570535452355,0.005483117383761498
2022_03_30_21_00_2022_03_30_20_44,1,bi-hem.,8-15,#E69F00,65,0.09291790581551423,0.09753324447308107,0.0023419599060191558,0.005349740009984042
2022_03_30_21_00_2022_03_30_20_44,1,bi-hem.,8-15,#E69F00,70,0.09179870682621116,0.09318038687209888,0.002278360566284136,0.00560344189147449
2022_03_30_21_00_2022_03_30_20_44,1,bi-hem.,8-15,#E69F00,75,0.09088015628971911,0.09008135670356034,0.0019804695346389693,0.004295328102133453
2022_03_30_21_00_2022_03_30_20_44,1,bi-hem.,8-15,#E69F00,80,0.08961043183622112,0.08426771471042858,0.0015786032052144008,0.003095958948443909
2022_03_29_11_08_2022_03_29_10_49,1,bi-hem.,5-10,#E69F00,10,0.1468692806089214,0.1780397392664515,0.005699189955491821,0.009337059413385956
2022_03_29_11_08_2022_03_29_10_49,1,bi-hem.,5-10,#E69F00,15,0.14242268233867444,0.1699259963111663,0.004912309327512356,0.009111790371310538
2022_03_29_11_08_2022_03_29_10_49,1,bi-hem.,5-10,#E69F00,20,0.1424236906648499,0.1639481877442465,0.004485180355089109,0.006440763335535691
2022_03_29_11_08_2022_03_29_10_49,1,bi-hem.,5-10,#E69F00,25,0.14178722233664504,0.1616803204585654,0.004626131616589469,0.00941548699800731
2022_03_29_11_08_2022_03_29_10_49,1,bi-hem.,5-10,#E69F00,30,0.13840778073767782,0.15484887962411592,0.005022717545201408,0.007983574086391094
2022_03_29_11_08_2022_03_29_10_49,1,bi-hem.,5-10,#E69F00,35,0.13702732573978504,0.1510178217077695,0.0037319732125922415,0.007886434862731394
2022_03_29_11_08_2022_03_29_10_49,1,bi-hem.,5-10,#E69F00,40,0.1355709261600298,0.1465551251168542,0.00528293975562006,0.009012416493062721
2022_03_29_11_08_2022_03_29_10_49,1,bi-hem.,5-10,#E69F00,45,0.13540677599838882,0.1429673179879379,0.004076986795239414,0.006948504485327983
2022_03_29_11_08_2022_03_29_10_49,1,bi-hem.,5-10,#E69F00,50,0.13419326118377223,0.13631289682482864,0.0050789298253020206,0.007237277133662148
2022_03_29_11_08_2022_03_29_10_49,1,bi-hem.,5-10,#E69F00,55,0.13235568952164228,0.13552305116063917,0.003850958655701861,0.007871836860315156
2022_03_29_11_08_2022_03_29_10_49,1,bi-hem.,5-10,#E69F00,60,0.1304837785935779,0.13079147029562738,0.004484300990832254,0.007373884646349376
2022_03_29_11_08_2022_03_29_10_49,1,bi-hem.,5-10,#E69F00,65,0.12975196318965404,0.12692341096279697,0.002667107184279052,0.006783882835221706
2022_03_29_11_08_2022_03_29_10_49,1,bi-hem.,5-10,#E69F00,70,0.12881713810547651,0.12169227112811867,0.00381189047436578,0.007009699883343044
2022_03_29_11_08_2022_03_29_10_49,1,bi-hem.,5-10,#E69F00,75,0.12586869910438891,0.11572156782375982,0.003302762346484156,0.004544653039806539
2022_03_29_11_08_2022_03_29_10_49,1,bi-hem.,5-10,#E69F00,80,0.1258629377708674,0.11367170352332483,0.0022587520907228877,0.0032697050380980177
2022_03_30_21_17_2022_03_30_21_04,1,bi-hem.,4-7,#E69F00,10,0.1735430129111224,0.19230967695257736,0.00793550247901011,0.010960267913537594
2022_03_30_21_17_2022_03_30_21_04,1,bi-hem.,4-7,#E69F00,15,0.1741511191089356,0.18960797195621998,0.007254786356222292,0.010686388987194087
2022_03_30_21_17_2022_03_30_21_04,1,bi-hem.,4-7,#E69F00,20,0.17074608076178627,0.1835468373786299,0.004827645585239081,0.006555209837692654
2022_03_30_21_17_2022_03_30_21_04,1,bi-hem.,4-7,#E69F00,25,0.16996169196580144,0.17795523961136187,0.005341071032311467,0.007868750950591065
2022_03_30_21_17_2022_03_30_21_04,1,bi-hem.,4-7,#E69F00,30,0.1693143200031463,0.17384633661760013,0.007420698010916281,0.008814102616813656
2022_03_30_21_17_2022_03_30_21_04,1,bi-hem.,4-7,#E69F00,35,0.1720013094870317,0.17319028564373073,0.006384369918452843,0.008184375859315531
2022_03_30_21_17_2022_03_30_21_04,1,bi-hem.,4-7,#E69F00,40,0.16729928458989624,0.1653891617262213,0.006255983864423967,0.008322220831706442
2022_03_30_21_17_2022_03_30_21_04,1,bi-hem.,4-7,#E69F00,45,0.16579156203728937,0.16216133125017657,0.005669684661494963,0.008171969061776519
2022_03_30_21_17_2022_03_30_21_04,1,bi-hem.,4-7,#E69F00,50,0.1668381262609586,0.16115583906646933,0.0053092892706150625,0.006732345684225934
2022_03_30_21_17_2022_03_30_21_04,1,bi-hem.,4-7,#E69F00,55,0.1659959178637463,0.15683925678207195,0.005420294943560846,0.006039204901812903
2022_03_30_21_17_2022_03_30_21_04,1,bi-hem.,4-7,#E69F00,60,0.164947161059644,0.1538991397539252,0.004811911227000096,0.007776029190590135
2022_03_30_21_17_2022_03_30_21_04,1,bi-hem.,4-7,#E69F00,65,0.16094091632164603,0.14624879943722674,0.004505992666286334,0.00609416849875623
2022_03_30_21_17_2022_03_30_21_04,1,bi-hem.,4-7,#E69F00,70,0.161977158240777,0.1439883521448151,0.005674909908455476,0.007994318508676272
2022_03_30_21_17_2022_03_30_21_04,1,bi-hem.,4-7,#E69F00,75,0.1607120061520769,0.14004615958593428,0.004498264944428507,0.005892466555948885
2022_03_30_21_17_2022_03_30_21_04,1,bi-hem.,4-7,#E69F00,80,0.16025710941576668,0.1388503575997703,0.003975306701627974,0.004797691700785957
2022_03_31_15_45_2022_03_31_15_25,1,bi-hem.,2-4,#E69F00,10,0.23123754415528266,0.22722125752255717,0.01794261362424797,0.018315157207051905
2022_03_31_15_45_2022_03_31_15_25,1,bi-hem.,2-4,#E69F00,15,0.23004775124195737,0.22043945813880836,0.013465864719963814,0.013370913869845064
2022_03_31_15_45_2022_03_31_15_25,1,bi-hem.,2-4,#E69F00,20,0.23614404653476231,0.22023070829831318,0.013569693233819513,0.01572513200794195
2022_03_31_15_45_2022_03_31_15_25,1,bi-hem.,2-4,#E69F00,25,0.23516693473169617,0.2154546106734998,0.01337087618235375,0.008224055605384445
2022_03_31_15_45_2022_03_31_15_25,1,bi-hem.,2-4,#E69F00,30,0.23224366875872762,0.21152046689193293,0.015274122309373412,0.011466279295893826
2022_03_31_15_45_2022_03_31_15_25,1,bi-hem.,2-4,#E69F00,35,0.2367554579350317,0.2102601248710257,0.013098011658880804,0.012750940146245664
2022_03_31_15_45_2022_03_31_15_25,1,bi-hem.,2-4,#E69F00,40,0.24354783334622115,0.21135812682717073,0.011646326319706258,0.011719539311087325
2022_03_31_15_45_2022_03_31_15_25,1,bi-hem.,2-4,#E69F00,45,0.24391566690447417,0.20958658552880446,0.012305786927167446,0.01122498930053213
2022_03_31_15_45_2022_03_31_15_25,1,bi-hem.,2-4,#E69F00,50,0.24186204622745205,0.20450905608954548,0.010591622743041186,0.009333097276593755
2022_03_31_15_45_2022_03_31_15_25,1,bi-hem.,2-4,#E69F00,55,0.24079449287136076,0.19845760841507382,0.009384272914909298,0.011977995590502643
2022_03_31_15_45_2022_03_31_15_25,1,bi-hem.,2-4,#E69F00,60,0.24667180163149288,0.2025672984003806,0.010947178407403627,0.0125171774733684
2022_03_31_15_45_2022_03_31_15_25,1,bi-hem.,2-4,#E69F00,65,0.24431498172549143,0.19868304498073747,0.008000779594527972,0.009902852356785884
2022_03_31_15_45_2022_03_31_15_25,1,bi-hem.,2-4,#E69F00,70,0.23780301406436027,0.19249880862903562,0.008732466385018752,0.0091863443787708
2022_03_31_15_45_2022_03_31_15_25,1,bi-hem.,2-4,#E69F00,75,0.24487901834659928,0.19549017428271698,0.009705875290214522,0.009658732938098675
2022_03_31_15_45_2022_03_31_15_25,1,bi-hem.,2-4,#E69F00,80,0.24057580134829673,0.18962286009851953,0.009688266683232569,0.007832992636849553
2022_03_30_21_38_2022_03_30_21_20,1-3,bi-hem.,20-30,#CC79A7,10,0.044329767760815916,0.06502119985782157,0.0010062339397695324,0.0036520114175848037
2022_03_30_21_38_2022_03_30_21_20,1-3,bi-hem.,20-30,#CC79A7,15,0.04377161365270633,0.06249740732479906,0.001325378199582347,0.0036006632927583246
2022_03_30_21_38_2022_03_30_21_20,1-3,bi-hem.,20-30,#CC79A7,20,0.043495018678530915,0.06115547150363154,0.001011187615789871,0.0035799300968997042
2022_03_30_21_38_2022_03_30_21_20,1-3,bi-hem.,20-30,#CC79A7,25,0.043058260892895925,0.05845235179262311,0.0008928294184311052,0.0024037958200247944
2022_03_30_21_38_2022_03_30_21_20,1-3,bi-hem.,20-30,#CC79A7,30,0.042824708608263276,0.05676799952565654,0.0009401855557829092,0.00301161303565005
2022_03_30_21_38_2022_03_30_21_20,1-3,bi-hem.,20-30,#CC79A7,35,0.04224651761837117,0.054635682482592915,0.000976690831861781,0.0033436754011728857
2022_03_30_21_38_2022_03_30_21_20,1-3,bi-hem.,20-30,#CC79A7,40,0.04199423033161721,0.051859751244858907,0.0009943731577964647,0.002982319510820225
2022_03_30_21_38_2022_03_30_21_20,1-3,bi-hem.,20-30,#CC79A7,45,0.041976103980588514,0.0505519165496206,0.0011325041116437688,0.0035967244970256766
2022_03_30_21_38_2022_03_30_21_20,1-3,bi-hem.,20-30,#CC79A7,50,0.04134371980041291,0.049895322992827354,0.0009043115405888793,0.003505613470225884
2022_03_30_21_38_2022_03_30_21_20,1-3,bi-hem.,20-30,#CC79A7,55,0.040957763391689654,0.048165794381988945,0.0008402825807500025,0.002630595498245362
2022_03_30_21_38_2022_03_30_21_20,1-3,bi-hem.,20-30,#CC79A7,60,0.04036352544077663,0.04545503024539796,0.0009215529627356697,0.0029873267082012496
2022_03_30_21_38_2022_03_30_21_20,1-3,bi-hem.,20-30,#CC79A7,65,0.04009117793903232,0.04268913456172306,0.0007273354387581536,0.002285151067800751
2022_03_30_21_38_2022_03_30_21_20,1-3,bi-hem.,20-30,#CC79A7,70,0.04020540441588127,0.041612425212838436,0.001011968039813827,0.003418124660622722
2022_03_30_21_38_2022_03_30_21_20,1-3,bi-hem.,20-30,#CC79A7,75,0.03969872035202374,0.038904388283162006,0.0008862478981439938,0.0027482919964578103
2022_03_30_21_38_2022_03_30_21_20,1-3,bi-hem.,20-30,#CC79A7,80,0.039231656607924874,0.035878864243432826,0.0010344002327495685,0.0023905317987304876
2022_03_28_20_55_2022_03_28_20_38,1-3,bi-hem.,10-20,#CC79A7,10,0.06246212270547554,0.08420825718753946,0.0013714240773100026,0.003213006708635712
2022_03_28_20_55_2022_03_28_20_38,1-3,bi-hem.,10-20,#CC79A7,15,0.06138538921175375,0.08038953216079818,0.0018230834164382694,0.004120900043400272
2022_03_28_20_55_2022_03_28_20_38,1-3,bi-hem.,10-20,#CC79A7,20,0.06118850860040212,0.07984343931855734,0.0015808738614702903,0.0029989506928172946
2022_03_28_20_55_2022_03_28_20_38,1-3,bi-hem.,10-20,#CC79A7,25,0.061154119455197366,0.07745957371606679,0.0017663932897589686,0.004258576006401757
2022_03_28_20_55_2022_03_28_20_38,1-3,bi-hem.,10-20,#CC79A7,30,0.06066600357730927,0.07499225956757735,0.001717932181605144,0.004253681722667225
2022_03_28_20_55_2022_03_28_20_38,1-3,bi-hem.,10-20,#CC79A7,35,0.059709708462997016,0.07222540531578564,0.0013104037920208395,0.003887818324217063
2022_03_28_20_55_2022_03_28_20_38,1-3,bi-hem.,10-20,#CC79A7,40,0.05956809913029192,0.07215714131188929,0.0016214475736833014,0.0040722914578656556
2022_03_28_20_55_2022_03_28_20_38,1-3,bi-hem.,10-20,#CC79A7,45,0.059458214136771534,0.06991265712362849,0.0018997666796929046,0.0033641447123420078
2022_03_28_20_55_2022_03_28_20_38,1-3,bi-hem.,10-20,#CC79A7,50,0.05829539314466601,0.06651101630982961,0.001763969218786249,0.004249579897713176
2022_03_28_20_55_2022_03_28_20_38,1-3,bi-hem.,10-20,#CC79A7,55,0.05779901653305865,0.06434004796151416,0.001670595259113399,0.003750926219347102
2022_03_28_20_55_2022_03_28_20_38,1-3,bi-hem.,10-20,#CC79A7,60,0.05736318449282804,0.0630952486811402,0.0018710540750984355,0.0039003927133438687
2022_03_28_20_55_2022_03_28_20_38,1-3,bi-hem.,10-20,#CC79A7,65,0.05736863909029343,0.06223729585875318,0.0015737585022207819,0.00389999279981174
2022_03_28_20_55_2022_03_28_20_38,1-3,bi-hem.,10-20,#CC79A7,70,0.05661094074998726,0.05879486602352692,0.0013204875235571288,0.0034477787023108265
2022_03_28_20_55_2022_03_28_20_38,1-3,bi-hem.,10-20,#CC79A7,75,0.05642735577940836,0.05743000883731748,0.0015239301031289858,0.0025240151203811717
2022_03_28_20_55_2022_03_28_20_38,1-3,bi-hem.,10-20,#CC79A7,80,0.055677880933083644,0.05473909575259438,0.001118333218718575,0.0023187360880350563
2022_03_30_21_58_2022_03_30_21_41,1-3,bi-hem.,9-14,#CC79A7,10,0.07576114327551495,0.09658161054250974,0.001999270755453369,0.0044483603890102755
2022_03_30_21_58_2022_03_30_21_41,1-3,bi-hem.,9-14,#CC79A7,15,0.07525023963339908,0.0943363014300924,0.0021633458600948917,0.004827314673194203
2022_03_30_21_58_2022_03_30_21_41,1-3,bi-hem.,9-14,#CC79A7,20,0.07440161885676545,0.09117044054475625,0.002152512605673729,0.004035327122841926
2022_03_30_21_58_2022_03_30_21_41,1-3,bi-hem.,9-14,#CC79A7,25,0.0746343319006907,0.09065925280929281,0.0019783501389422135,0.0030964939737120464
2022_03_30_21_58_2022_03_30_21_41,1-3,bi-hem.,9-14,#CC79A7,30,0.07323964858335051,0.08659693995166821,0.0021002260315075047,0.004538003000017317
2022_03_30_21_58_2022_03_30_21_41,1-3,bi-hem.,9-14,#CC79A7,35,0.07306990165918714,0.08606432237866556,0.002407568831632774,0.004419907112609092
2022_03_30_21_58_2022_03_30_21_41,1-3,bi-hem.,9-14,#CC79A7,40,0.07222690652221013,0.084205284329009,0.0017491773003801602,0.0036274635227054397
2022_03_30_21_58_2022_03_30_21_41,1-3,bi-hem.,9-14,#CC79A7,45,0.07166468960934945,0.08105360869667967,0.0017422135084127757,0.0038306652627543548
2022_03_30_21_58_2022_03_30_21_41,1-3,bi-hem.,9-14,#CC79A7,50,0.07069918960241392,0.07729152673701362,0.0024084914620974645,0.005021527544832532
2022_03_30_21_58_2022_03_30_21_41,1-3,bi-hem.,9-14,#CC79A7,55,0.07008768161054678,0.07605027140568409,0.002236245305109941,0.003955344406004032
2022_03_30_21_58_2022_03_30_21_41,1-3,bi-hem.,9-14,#CC79A7,60,0.07010515133323603,0.07482920140706328,0.001643343010340166,0.00418937819663156
2022_03_30_21_58_2022_03_30_21_41,1-3,bi-hem.,9-14,#CC79A7,65,0.06992932581264096,0.07288437937077294,0.0017840589781752938,0.0045973264060585484
2022_03_30_21_58_2022_03_30_21_41,1-3,bi-hem.,9-14,#CC79A7,70,0.0694047650009319,0.07052221996241545,0.002040767586445303,0.0031140121726739717
2022_03_30_21_58_2022_03_30_21_41,1-3,bi-hem.,9-14,#CC79A7,75,0.06883609991862741,0.06833669719286638,0.0020600824763220165,0.0035571978963309316
2022_03_30_21_58_2022_03_30_21_41,1-3,bi-hem.,9-14,#CC79A7,80,0.06810356715579319,0.06670531083454832,0.001964614660132725,0.00278852787336534
2022_03_25_09_15_2022_03_25_08_58,1-3,bi-hem.,5-10,#CC79A7,10,0.10225357151539537,0.11970417259952476,0.002848236328814052,0.004945226805573479
2022_03_25_09_15_2022_03_25_08_58,1-3,bi-hem.,5-10,#CC79A7,15,0.1011247756634808,0.11630275979053306,0.0027569670159163697,0.004877051719164012
2022_03_25_09_15_2022_03_25_08_58,1-3,bi-hem.,5-10,#CC79A7,20,0.10161106059963092,0.11496508520529557,0.004218203412094992,0.005539468313833948
2022_03_25_09_15_2022_03_25_08_58,1-3,bi-hem.,5-10,#CC79A7,25,0.10172873790635488,0.11494353779551532,0.0031512189411446855,0.004813039167430512
2022_03_25_09_15_2022_03_25_08_58,1-3,bi-hem.,5-10,#CC79A7,30,0.09988387967479477,0.11071106462772239,0.0027270782527044285,0.005869448617484444
2022_03_25_09_15_2022_03_25_08_58,1-3,bi-hem.,5-10,#CC79A7,35,0.09847269459535496,0.10904722576171225,0.002828314629307051,0.005236718759305505
2022_03_25_09_15_2022_03_25_08_58,1-3,bi-hem.,5-10,#CC79A7,40,0.09785217304696639,0.10661626290988882,0.003547483294690062,0.0058002275273889925
2022_03_25_09_15_2022_03_25_08_58,1-3,bi-hem.,5-10,#CC79A7,45,0.09738131617550429,0.10428722993314553,0.0033853740296947744,0.0048803468757250175
2022_03_25_09_15_2022_03_25_08_58,1-3,bi-hem.,5-10,#CC79A7,50,0.09752199399359258,0.10392428101458771,0.003096304800716688,0.004609452610272249
2022_03_25_09_15_2022_03_25_08_58,1-3,bi-hem.,5-10,#CC79A7,55,0.09631003681147775,0.10036710773019811,0.00309186524514597,0.004723724878855286
2022_03_25_09_15_2022_03_25_08_58,1-3,bi-hem.,5-10,#CC79A7,60,0.09621180392660138,0.09890712841398326,0.00294121382765208,0.00461283115919436
2022_03_25_09_15_2022_03_25_08_58,1-3,bi-hem.,5-10,#CC79A7,65,0.09575391875577098,0.09834576801682143,0.003005859006742915,0.0035490607353654423
2022_03_25_09_15_2022_03_25_08_58,1-3,bi-hem.,5-10,#CC79A7,70,0.09475305605371963,0.09577268776101684,0.0027598991586386817,0.004237544983608742
2022_03_25_09_15_2022_03_25_08_58,1-3,bi-hem.,5-10,#CC79A7,75,0.09491162684583684,0.09335543700920326,0.0024539058373644787,0.0036207206570330656
2022_03_25_09_15_2022_03_25_08_58,1-3,bi-hem.,5-10,#CC79A7,80,0.09445747146995848,0.09236445970792122,0.0021820587560237976,0.00271639317895251
2022_03_30_22_17_2022_03_30_22_00,1-3,bi-hem.,4-8,#CC79A7,10,0.12056106534299044,0.13516881587500248,0.0029723202444655273,0.004789119499938462
2022_03_30_22_17_2022_03_30_22_00,1-3,bi-hem.,4-8,#CC79A7,15,0.1189236498979554,0.13202394729268158,0.003563080552999688,0.006380631932643553
2022_03_30_22_17_2022_03_30_22_00,1-3,bi-hem.,4-8,#CC79A7,20,0.11851546631979973,0.1299944147376238,0.003405472377206246,0.005868637665606358
2022_03_30_22_17_2022_03_30_22_00,1-3,bi-hem.,4-8,#CC79A7,25,0.11897146854578973,0.12952042735872857,0.003471287295276326,0.005776441517821951
2022_03_30_22_17_2022_03_30_22_00,1-3,bi-hem.,4-8,#CC79A7,30,0.11757629153318133,0.12646773513769535,0.003867272616529886,0.005531612111695621
2022_03_30_22_17_2022_03_30_22_00,1-3,bi-hem.,4-8,#CC79A7,35,0.11666548889031521,0.12444374842812396,0.0042358746918904405,0.005672229635593842
2022_03_30_22_17_2022_03_30_22_00,1-3,bi-hem.,4-8,#CC79A7,40,0.11570637495664332,0.12137198498096172,0.004815871317238239,0.006630854315108259
2022_03_30_22_17_2022_03_30_22_00,1-3,bi-hem.,4-8,#CC79A7,45,0.11529854722077192,0.11864869256642417,0.003173323676330801,0.005346361222101417
2022_03_30_22_17_2022_03_30_22_00,1-3,bi-hem.,4-8,#CC79A7,50,0.11419893742243636,0.11664220627412651,0.003905811306573371,0.0043872971835428294
2022_03_30_22_17_2022_03_30_22_00,1-3,bi-hem.,4-8,#CC79A7,55,0.11437128504124226,0.11646260909405175,0.0036527589341051932,0.005382563644048844
2022_03_30_22_17_2022_03_30_22_00,1-3,bi-hem.,4-8,#CC79A7,60,0.1142759231008713,0.11507708709942216,0.003923318857984243,0.00528577639483382
2022_03_30_22_17_2022_03_30_22_00,1-3,bi-hem.,4-8,#CC79A7,65,0.11434552617507641,0.11315455206384235,0.0028568289422216645,0.0031543877002373
2022_03_30_22_17_2022_03_30_22_00,1-3,bi-hem.,4-8,#CC79A7,70,0.1129235080187201,0.11105094233916296,0.003812597153901697,0.004278240788619696
2022_03_30_22_17_2022_03_30_22_00,1-3,bi-hem.,4-8,#CC79A7,75,0.11212942407864394,0.10963121798586285,0.002645765861177939,0.003614856291379127
2022_03_30_22_17_2022_03_30_22_00,1-3,bi-hem.,4-8,#CC79A7,80,0.11279606365109204,0.10861314840391226,0.0034597926151308657,0.004729676902975359
2022_03_28_22_09_2022_03_28_21_53,1-3,bi-hem.,2.5-5,#CC79A7,10,0.16296959823710588,0.16366407206413777,0.006251472337153575,0.0075099895584596855
2022_03_28_22_09_2022_03_28_21_53,1-3,bi-hem.,2.5-5,#CC79A7,15,0.16056412032328085,0.1611576394864128,0.0065521365675162545,0.007781260793790186
2022_03_28_22_09_2022_03_28_21_53,1-3,bi-hem.,2.5-5,#CC79A7,20,0.16074553931098687,0.15937724324526586,0.006890155287289431,0.008783836658923858
2022_03_28_22_09_2022_03_28_21_53,1-3,bi-hem.,2.5-5,#CC79A7,25,0.16121755045109498,0.15856584306373203,0.005913651534177492,0.007745274103654968
2022_03_28_22_09_2022_03_28_21_53,1-3,bi-hem.,2.5-5,#CC79A7,30,0.1602744124925245,0.15716148809703276,0.00510325164966191,0.00641364912050437
2022_03_28_22_09_2022_03_28_21_53,1-3,bi-hem.,2.5-5,#CC79A7,35,0.1606553373578891,0.1552258424923398,0.005935835582394094,0.007826298278253097
2022_03_28_22_09_2022_03_28_21_53,1-3,bi-hem.,2.5-5,#CC79A7,40,0.160507847249971,0.15433717725446736,0.0071606685840536685,0.006773626199730492
2022_03_28_22_09_2022_03_28_21_53,1-3,bi-hem.,2.5-5,#CC79A7,45,0.1585343999807024,0.15161965694955157,0.005567633481517683,0.008449854782886922
2022_03_28_22_09_2022_03_28_21_53,1-3,bi-hem.,2.5-5,#CC79A7,50,0.15992697605652387,0.15061074467819952,0.00577904434871004,0.006641394497985073
2022_03_28_22_09_2022_03_28_21_53,1-3,bi-hem.,2.5-5,#CC79A7,55,0.15811007836105542,0.14912627622478125,0.005150522551605935,0.0072029403766481715
2022_03_28_22_09_2022_03_28_21_53,1-3,bi-hem.,2.5-5,#CC79A7,60,0.1587155474601199,0.1491475626453214,0.005896200823754952,0.007052571236878566
2022_03_28_22_09_2022_03_28_21_53,1-3,bi-hem.,2.5-5,#CC79A7,65,0.15978615325914072,0.14909248986468243,0.006341182751590528,0.007645811453142134
2022_03_28_22_09_2022_03_28_21_53,1-3,bi-hem.,2.5-5,#CC79A7,70,0.15822533654264212,0.14668093438643837,0.005979561254415494,0.005734225788951623
2022_03_28_22_09_2022_03_28_21_53,1-3,bi-hem.,2.5-5,#CC79A7,75,0.15809137963119016,0.14691390454779218,0.005678030906006811,0.006934361526997149
2022_03_28_22_09_2022_03_28_21_53,1-3,bi-hem.,2.5-5,#CC79A7,80,0.15786308043655348,0.14561489059865776,0.007475658659564282,0.007193241293742945
2022_03_31_08_25_2022_03_31_08_09,1-3,bi-hem.,2-4,#CC79A7,10,0.18384129389462756,0.176235924060543,0.007983733485410118,0.010123321031478966
2022_03_31_08_25_2022_03_31_08_09,1-3,bi-hem.,2-4,#CC79A7,15,0.18564210764939026,0.1774825134539279,0.007380868419898769,0.007796193274107686
2022_03_31_08_25_2022_03_31_08_09,1-3,bi-hem.,2-4,#CC79A7,20,0.18516577951352878,0.17737560326983293,0.007568956041520192,0.009483172135983996
2022_03_31_08_25_2022_03_31_08_09,1-3,bi-hem.,2-4,#CC79A7,25,0.18607977562064876,0.1740115147717625,0.006941191065342927,0.006675596955829697
2022_03_31_08_25_2022_03_31_08_09,1-3,bi-hem.,2-4,#CC79A7,30,0.18344698121309552,0.17203089613124184,0.006764848795277477,0.006858234209006537
2022_03_31_08_25_2022_03_31_08_09,1-3,bi-hem.,2-4,#CC79A7,35,0.18375268567189695,0.17181865751227154,0.00654150514664765,0.005801923323630368
2022_03_31_08_25_2022_03_31_08_09,1-3,bi-hem.,2-4,#CC79A7,40,0.18475027377237901,0.17277619714990014,0.006431343975101012,0.006517738104252936
2022_03_31_08_25_2022_03_31_08_09,1-3,bi-hem.,2-4,#CC79A7,45,0.18472803814027927,0.1692321836843857,0.006152091632866181,0.006886280512214559
2022_03_31_08_25_2022_03_31_08_09,1-3,bi-hem.,2-4,#CC79A7,50,0.18136029803699155,0.16510591055043478,0.007678978276177485,0.007474351428589293
2022_03_31_08_25_2022_03_31_08_09,1-3,bi-hem.,2-4,#CC79A7,55,0.1839771794730147,0.16826184712564413,0.007292295946613127,0.007902921444894748
2022_03_31_08_25_2022_03_31_08_09,1-3,bi-hem.,2-4,#CC79A7,60,0.1827476534867403,0.16709606467554866,0.007022346511098145,0.008016709499304818
2022_03_31_08_25_2022_03_31_08_09,1-3,bi-hem.,2-4,#CC79A7,65,0.18246153446491203,0.1656568427425164,0.00698182059808627,0.0064958113422828355
2022_03_31_08_25_2022_03_31_08_09,1-3,bi-hem.,2-4,#CC79A7,70,0.18314270922931145,0.16380139089497645,0.0073461581399004066,0.010526001250359348
2022_03_31_08_25_2022_03_31_08_09,1-3,bi-hem.,2-4,#CC79A7,75,0.18443789301012298,0.16689798655968785,0.00596289906339357,0.006247703361108285
2022_03_31_08_25_2022_03_31_08_09,1-3,bi-hem.,2-4,#CC79A7,80,0.1835670152429002,0.16323924233608564,0.00663221649320494,0.008931104744837028
2022_03_31_17_44_2022_03_31_17_29,1-3,bi-hem.,1-2,#CC79A7,10,0.2594890277899246,0.21371320751271386,0.01511037026077536,0.011207442580134223
2022_03_31_17_44_2022_03_31_17_29,1-3,bi-hem.,1-2,#CC79A7,15,0.2596169066071482,0.2150248323062681,0.015798774310371813,0.010007357940544824
2022_03_31_17_44_2022_03_31_17_29,1-3,bi-hem.,1-2,#CC79A7,20,0.2652191867419216,0.216837875596756,0.01558894628022591,0.012386691769762455
2022_03_31_17_44_2022_03_31_17_29,1-3,bi-hem.,1-2,#CC79A7,25,0.26403182557012855,0.21301664892680494,0.014445994231291,0.012073147820374568
2022_03_31_17_44_2022_03_31_17_29,1-3,bi-hem.,1-2,#CC79A7,30,0.2598510275009506,0.210408361873689,0.014843332777090221,0.011359234895686247
2022_03_31_17_44_2022_03_31_17_29,1-3,bi-hem.,1-2,#CC79A7,35,0.26004484525511223,0.20933233913385865,0.01461344505746637,0.01283539879813372
2022_03_31_17_44_2022_03_31_17_29,1-3,bi-hem.,1-2,#CC79A7,40,0.2607586463567054,0.2109908463242443,0.01211945491718318,0.010257153122566354
2022_03_31_17_44_2022_03_31_17_29,1-3,bi-hem.,1-2,#CC79A7,45,0.2617934920176848,0.20897180904316257,0.013216954902246468,0.009582362445414954
2022_03_31_17_44_2022_03_31_17_29,1-3,bi-hem.,1-2,#CC79A7,50,0.2575559313608382,0.20851103912498503,0.012538896255121978,0.012578081077893379
2022_03_31_17_44_2022_03_31_17_29,1-3,bi-hem.,1-2,#CC79A7,55,0.2625031118754004,0.20898043267984615,0.015623683826138424,0.013175799807586396
2022_03_31_17_44_2022_03_31_17_29,1-3,bi-hem.,1-2,#CC79A7,60,0.2655438384930967,0.21080266950796864,0.01592330278848458,0.011983252835313297
2022_03_31_17_44_2022_03_31_17_29,1-3,bi-hem.,1-2,#CC79A7,65,0.2626618710694727,0.21067395443903286,0.013724776374077203,0.012173811697266508
2022_03_31_17_44_2022_03_31_17_29,1-3,bi-hem.,1-2,#CC79A7,70,0.26699992756166113,0.20821949827131334,0.011390118185012241,0.008096029501155205
2022_03_31_17_44_2022_03_31_17_29,1-3,bi-hem.,1-2,#CC79A7,75,0.266978254845775,0.21126421614822305,0.008908732237358438,0.009252317851716317
2022_03_31_17_44_2022_03_31_17_29,1-3,bi-hem.,1-2,#CC79A7,80,0.26865798924843987,0.20970664486783094,0.011732867672443423,0.010053615960355226
2022_03_31_18_11_2022_03_31_17_47,3-5,bi-hem.,15-25,#230072B2,10,0.034715330485904125,0.035875207276036304,0.0005405156067527515,0.001538900066428716
2022_03_31_18_11_2022_03_31_17_47,3-5,bi-hem.,15-25,#230072B2,15,0.034785584467991355,0.03552661909852546,0.0005857472215166247,0.0015700795882596724
2022_03_31_18_11_2022_03_31_17_47,3-5,bi-hem.,15-25,#230072B2,20,0.03475402337855007,0.034898221552507686,0.0006152834357308022,0.0016929106695860957
2022_03_31_18_11_2022_03_31_17_47,3-5,bi-hem.,15-25,#230072B2,25,0.03483756059251692,0.034593827799076896,0.0007084181434161438,0.0016280174890475774
2022_03_31_18_11_2022_03_31_17_47,3-5,bi-hem.,15-25,#230072B2,30,0.03483980214491353,0.0338442685155807,0.0005853047236339256,0.0016647137247686756
2022_03_31_18_11_2022_03_31_17_47,3-5,bi-hem.,15-25,#230072B2,35,0.03471033988214467,0.0335767536670342,0.0005635630066825176,0.0013944257399371562
2022_03_31_18_11_2022_03_31_17_47,3-5,bi-hem.,15-25,#230072B2,40,0.034835426669684026,0.033568853665332486,0.0007184450703398865,0.00193316648289874
2022_03_31_18_11_2022_03_31_17_47,3-5,bi-hem.,15-25,#230072B2,45,0.034837439022034546,0.03302616872610574,0.000622915187614137,0.001782526279520757
2022_03_31_18_11_2022_03_31_17_47,3-5,bi-hem.,15-25,#230072B2,50,0.03473205066064417,0.03224864482766972,0.0006698379765069342,0.0012730247175923631
2022_03_31_18_11_2022_03_31_17_47,3-5,bi-hem.,15-25,#230072B2,55,0.03487022671842472,0.032408759242902416,0.0005839488319794189,0.0012712793464777666
2022_03_31_18_11_2022_03_31_17_47,3-5,bi-hem.,15-25,#230072B2,60,0.03476463276511287,0.031812429325057096,0.0005053734779451233,0.0014638625534747502
2022_03_31_18_11_2022_03_31_17_47,3-5,bi-hem.,15-25,#230072B2,65,0.0347155613447665,0.031297328402661785,0.000688041525126773,0.001585668011868324
2022_03_31_18_11_2022_03_31_17_47,3-5,bi-hem.,15-25,#230072B2,70,0.034699501157190886,0.030655749053040037,0.000705768694289511,0.0014365263282877874
2022_03_31_18_11_2022_03_31_17_47,3-5,bi-hem.,15-25,#230072B2,75,0.03446043071023693,0.029809212938743224,0.0007905997981292349,0.0013079311800316242
2022_03_31_18_11_2022_03_31_17_47,3-5,bi-hem.,15-25,#230072B2,80,0.03436668865701705,0.02946905510843139,0.0006903204401887482,0.0014144642899849285
2022_03_31_13_46_2022_03_31_13_23,3-5,bi-hem.,10-15,#230072B2,10,0.04733472820508224,0.05033795695263872,0.0007871261722683821,0.0015785673683984631
2022_03_31_13_46_2022_03_31_13_23,3-5,bi-hem.,10-15,#230072B2,15,0.04734980585228719,0.04957697469876309,0.0008102702483609115,0.001792150606454233
2022_03_31_13_46_2022_03_31_13_23,3-5,bi-hem.,10-15,#230072B2,20,0.04731181346303799,0.04910075911719518,0.0009848818915628406,0.0023732002652809086
2022_03_31_13_46_2022_03_31_13_23,3-5,bi-hem.,10-15,#230072B2,25,0.04692144546452031,0.047980307431527675,0.0009210203861167523,0.002104796245974941
2022_03_31_13_46_2022_03_31_13_23,3-5,bi-hem.,10-15,#230072B2,30,0.04690994654131291,0.04726403992338814,0.0007336771083748265,0.0014970868702261942
2022_03_31_13_46_2022_03_31_13_23,3-5,bi-hem.,10-15,#230072B2,35,0.047007122703537275,0.047527400570594194,0.0008608422752623317,0.0016102932612605781
2022_03_31_13_46_2022_03_31_13_23,3-5,bi-hem.,10-15,#230072B2,40,0.04699172212672974,0.04720457709010055,0.0009043684389801526,0.0019073939924086453
2022_03_31_13_46_2022_03_31_13_23,3-5,bi-hem.,10-15,#230072B2,45,0.04709473613347352,0.04677881914205832,0.0010329115239625175,0.0017896067314668801
2022_03_31_13_46_2022_03_31_13_23,3-5,bi-hem.,10-15,#230072B2,50,0.04665065837053487,0.0457005118876741,0.0011272951259817879,0.0018337299309887957
2022_03_31_13_46_2022_03_31_13_23,3-5,bi-hem.,10-15,#230072B2,55,0.04686387253384881,0.04588262313959516,0.0009174695165075598,0.001734581431059984
2022_03_31_13_46_2022_03_31_13_23,3-5,bi-hem.,10-15,#230072B2,60,0.04644451212261322,0.04472035603158917,0.0009630228149426666,0.0015361718373879353
2022_03_31_13_46_2022_03_31_13_23,3-5,bi-hem.,10-15,#230072B2,65,0.04681314699682122,0.04470090889543386,0.0013943449572761692,0.0017230534099497551
2022_03_31_13_46_2022_03_31_13_23,3-5,bi-hem.,10-15,#230072B2,70,0.04654902404366578,0.04414467168001382,0.0011255076560649567,0.0019434353922278549
2022_03_31_13_46_2022_03_31_13_23,3-5,bi-hem.,10-15,#230072B2,75,0.0465170525326772,0.043796558242483914,0.001280736386826492,0.002179980383799677
2022_03_31_13_46_2022_03_31_13_23,3-5,bi-hem.,10-15,#230072B2,80,0.04664324341779326,0.043438478744076456,0.0011206662530752495,0.0017177072217692052
2022_03_28_21_18_2022_03_28_20_59,3-5,bi-hem.,5-10,#230072B2,10,0.06875592347680244,0.072963333358614,0.0014342206563518521,0.0026897126185710728
2022_03_28_21_18_2022_03_28_20_59,3-5,bi-hem.,5-10,#230072B2,15,0.06894331020413685,0.07236310781064081,0.0018345871228999068,0.0032177016504333945
2022_03_28_21_18_2022_03_28_20_59,3-5,bi-hem.,5-10,#230072B2,20,0.0688066073876065,0.07201829581331728,0.0012638700996648183,0.0024615038337712637
2022_03_28_21_18_2022_03_28_20_59,3-5,bi-hem.,5-10,#230072B2,25,0.06835882293153199,0.07170247268103254,0.0015412770250106162,0.0026003386587669097
2022_03_28_21_18_2022_03_28_20_59,3-5,bi-hem.,5-10,#230072B2,30,0.06814914496563199,0.0701315333096384,0.0014323055504436644,0.002324955940512499
2022_03_28_21_18_2022_03_28_20_59,3-5,bi-hem.,5-10,#230072B2,35,0.0679216332471714,0.06903061845947696,0.0012534741864734294,0.0019877354710341934
2022_03_28_21_18_2022_03_28_20_59,3-5,bi-hem.,5-10,#230072B2,40,0.06828821378974594,0.07004664187651297,0.0017048837763442267,0.0031029343085868387
2022_03_28_21_18_2022_03_28_20_59,3-5,bi-hem.,5-10,#230072B2,45,0.06803518177049309,0.06852274232429584,0.0017585373024345847,0.002695987447985783
2022_03_28_21_18_2022_03_28_20_59,3-5,bi-hem.,5-10,#230072B2,50,0.06813574646248591,0.06880093258050375,0.0015879009134043694,0.002705605289914381
2022_03_28_21_18_2022_03_28_20_59,3-5,bi-hem.,5-10,#230072B2,55,0.0679882977514237,0.0689462997768036,0.0016763406355253484,0.002406180674735748
2022_03_28_21_18_2022_03_28_20_59,3-5,bi-hem.,5-10,#230072B2,60,0.06723050061649452,0.0665295418659052,0.0014947804906259145,0.0022503551719050413
2022_03_28_21_18_2022_03_28_20_59,3-5,bi-hem.,5-10,#230072B2,65,0.06759409769695447,0.06721104062014131,0.0016402274845072381,0.0026315580992119594
2022_03_28_21_18_2022_03_28_20_59,3-5,bi-hem.,5-10,#230072B2,70,0.06713380702078946,0.06673651176584536,0.0021252064769497056,0.0029691386579778216
2022_03_28_21_18_2022_03_28_20_59,3-5,bi-hem.,5-10,#230072B2,75,0.06722934111723093,0.06623118286586335,0.0020663059377815833,0.003132290900041571
2022_03_28_21_18_2022_03_28_20_59,3-5,bi-hem.,5-10,#230072B2,80,0.06688533563865251,0.06483024620493584,0.001900400605478915,0.0028610998405836185
2022_03_31_14_33_2022_03_31_14_13,3-5,bi-hem.,4-7,#230072B2,10,0.08780856653058734,0.0907980497435753,0.00195416301657607,0.002696344159452574
2022_03_31_14_33_2022_03_31_14_13,3-5,bi-hem.,4-7,#230072B2,15,0.08695386701209724,0.08908643640025442,0.002142586728285808,0.002805402445076831
2022_03_31_14_33_2022_03_31_14_13,3-5,bi-hem.,4-7,#230072B2,20,0.08648986931653498,0.08880436671210293,0.002086300170791393,0.003648267435695866
2022_03_31_14_33_2022_03_31_14_13,3-5,bi-hem.,4-7,#230072B2,25,0.08682440095654566,0.08842477280012266,0.002358506810748863,0.00331752813784666
2022_03_31_14_33_2022_03_31_14_13,3-5,bi-hem.,4-7,#230072B2,30,0.08706839416511046,0.08818125728541922,0.0024692187250869003,0.0037159118331401273
2022_03_31_14_33_2022_03_31_14_13,3-5,bi-hem.,4-7,#230072B2,35,0.08667813964261606,0.0871036201927592,0.0024869540766505483,0.0035683703652623277
2022_03_31_14_33_2022_03_31_14_13,3-5,bi-hem.,4-7,#230072B2,40,0.08673983204401292,0.08730176327897775,0.0023165952010386084,0.003561373609958492
2022_03_31_14_33_2022_03_31_14_13,3-5,bi-hem.,4-7,#230072B2,45,0.08643468637812653,0.08649373387629834,0.0025941823965316226,0.0038022994586296697
2022_03_31_14_33_2022_03_31_14_13,3-5,bi-hem.,4-7,#230072B2,50,0.08579897551302103,0.08559645693311965,0.002150303101311627,0.003359989926155084
2022_03_31_14_33_2022_03_31_14_13,3-5,bi-hem.,4-7,#230072B2,55,0.08521649236005668,0.08515924172389251,0.002042708158375893,0.00293863682446597
2022_03_31_14_33_2022_03_31_14_13,3-5,bi-hem.,4-7,#230072B2,60,0.08540936441250473,0.0851185325919092,0.0028424056134224644,0.0031713143478458573
2022_03_31_14_33_2022_03_31_14_13,3-5,bi-hem.,4-7,#230072B2,65,0.08446009123912818,0.08406416677905561,0.0019828457803506404,0.0031215250095990295
2022_03_31_14_33_2022_03_31_14_13,3-5,bi-hem.,4-7,#230072B2,70,0.08520907317646098,0.0835878069002485,0.0021935197880585755,0.003313654583045975
2022_03_31_14_33_2022_03_31_14_13,3-5,bi-hem.,4-7,#230072B2,75,0.08550052086967211,0.0842161823420201,0.0021068683184214815,0.0029114870821218115
2022_03_31_14_33_2022_03_31_14_13,3-5,bi-hem.,4-7,#230072B2,80,0.084911009258113,0.08362454427903866,0.0020396582796031243,0.0030828025523367093
2022_03_25_09_55_2022_03_25_09_36,3-5,bi-hem.,2.5-5,#230072B2,10,0.11759656519285054,0.11685887236061038,0.0030552173865191117,0.004379626383646685
2022_03_25_09_55_2022_03_25_09_36,3-5,bi-hem.,2.5-5,#230072B2,15,0.11648736781986271,0.1158764342306234,0.003482861640881655,0.004376671709681023
2022_03_25_09_55_2022_03_25_09_36,3-5,bi-hem.,2.5-5,#230072B2,20,0.11557211411713106,0.1147808981174473,0.003030982375160439,0.004005049284043966
2022_03_25_09_55_2022_03_25_09_36,3-5,bi-hem.,2.5-5,#230072B2,25,0.11656983258304997,0.11444921346635936,0.002661653301936968,0.0036159230991298554
2022_03_25_09_55_2022_03_25_09_36,3-5,bi-hem.,2.5-5,#230072B2,30,0.11446976061299358,0.1127643052627552,0.0036043950751794224,0.004958117161907014
2022_03_25_09_55_2022_03_25_09_36,3-5,bi-hem.,2.5-5,#230072B2,35,0.11622149165572775,0.1155416980515673,0.0032989313346316667,0.0054807180422495145
2022_03_25_09_55_2022_03_25_09_36,3-5,bi-hem.,2.5-5,#230072B2,40,0.11485922499606682,0.11256566348135304,0.003375483148060361,0.004960338984683283
2022_03_25_09_55_2022_03_25_09_36,3-5,bi-hem.,2.5-5,#230072B2,45,0.1143265450292853,0.11079662745662296,0.003315420393071336,0.004190302235554721
2022_03_25_09_55_2022_03_25_09_36,3-5,bi-hem.,2.5-5,#230072B2,50,0.1145366364332288,0.11151432197148967,0.0030033549979956954,0.005149184978133313
2022_03_25_09_55_2022_03_25_09_36,3-5,bi-hem.,2.5-5,#230072B2,55,0.11480095353498651,0.11245224158036889,0.003541441673211265,0.0050210649167122786
2022_03_25_09_55_2022_03_25_09_36,3-5,bi-hem.,2.5-5,#230072B2,60,0.11355195188264482,0.11044573015160833,0.004432290031733662,0.004329776594230686
2022_03_25_09_55_2022_03_25_09_36,3-5,bi-hem.,2.5-5,#230072B2,65,0.11352805421089093,0.10887671549046221,0.0034376982315394338,0.004456884299537576
2022_03_25_09_55_2022_03_25_09_36,3-5,bi-hem.,2.5-5,#230072B2,70,0.11377385297895728,0.10990586278535201,0.0030545883840940847,0.004154089861822126
2022_03_25_09_55_2022_03_25_09_36,3-5,bi-hem.,2.5-5,#230072B2,75,0.1133928317504351,0.10942604182791789,0.00350376548794041,0.0044872821514770735
2022_03_25_09_55_2022_03_25_09_36,3-5,bi-hem.,2.5-5,#230072B2,80,0.1136232361582704,0.10931224690378534,0.00422220993723203,0.005402208839906666
2022_03_31_15_00_2022_03_31_14_41,3-5,bi-hem.,2-4,#230072B2,10,0.13756086212912227,0.1319609345835618,0.004356899048057086,0.005992687798613573
2022_03_31_15_00_2022_03_31_14_41,3-5,bi-hem.,2-4,#230072B2,15,0.13827745174052922,0.1335509637951036,0.004363150127588515,0.0053036926722131
2022_03_31_15_00_2022_03_31_14_41,3-5,bi-hem.,2-4,#230072B2,20,0.13596291025239368,0.1315307015238837,0.004789698219347786,0.004861074387638077
2022_03_31_15_00_2022_03_31_14_41,3-5,bi-hem.,2-4,#230072B2,25,0.13719099328062065,0.13202754718189552,0.004114077763243466,0.005108470326483846
2022_03_31_15_00_2022_03_31_14_41,3-5,bi-hem.,2-4,#230072B2,30,0.1357807234200014,0.12808163357969263,0.004113519900374834,0.005136645555582992
2022_03_31_15_00_2022_03_31_14_41,3-5,bi-hem.,2-4,#230072B2,35,0.13724651073349634,0.13177288723378144,0.0036738979328349826,0.0036495466160880647
2022_03_31_15_00_2022_03_31_14_41,3-5,bi-hem.,2-4,#230072B2,40,0.13728765415354022,0.1317106015393824,0.004545454696938832,0.004806964559406005
2022_03_31_15_00_2022_03_31_14_41,3-5,bi-hem.,2-4,#230072B2,45,0.13516995182913838,0.13041545322646098,0.003593247565040952,0.004872527672533561
2022_03_31_15_00_2022_03_31_14_41,3-5,bi-hem.,2-4,#230072B2,50,0.13443434615996594,0.1280824550418235,0.0028097108016324826,0.0038810598024676484
2022_03_31_15_00_2022_03_31_14_41,3-5,bi-hem.,2-4,#230072B2,55,0.13450428100705183,0.12786172728133857,0.003478131542769124,0.0036476907166409964
2022_03_31_15_00_2022_03_31_14_41,3-5,bi-hem.,2-4,#230072B2,60,0.13456264298534437,0.126549840414006,0.004394786378248463,0.004884480400197104
2022_03_31_15_00_2022_03_31_14_41,3-5,bi-hem.,2-4,#230072B2,65,0.13445093700920072,0.12714306589065638,0.0034185367125443827,0.005156528146500946
2022_03_31_15_00_2022_03_31_14_41,3-5,bi-hem.,2-4,#230072B2,70,0.13367530536429748,0.12524643734787178,0.0038904089477253137,0.005740559203988964
2022_03_31_15_00_2022_03_31_14_41,3-5,bi-hem.,2-4,#230072B2,75,0.1341603764281237,0.12737737108242092,0.0041678988530080875,0.004889243113746885
2022_03_31_15_00_2022_03_31_14_41,3-5,bi-hem.,2-4,#230072B2,80,0.1341538667250213,0.1268857464372434,0.003790827384870045,0.005006247977341398
2022_03_28_22_32_2022_03_28_22_14,3-5,bi-hem.,1.25-2.5,#230072B2,10,0.1867706466306366,0.16954789069933146,0.006705266587541173,0.006514684500547786
2022_03_28_22_32_2022_03_28_22_14,3-5,bi-hem.,1.25-2.5,#230072B2,15,0.18558464374241807,0.1668925020074689,0.007220568464675264,0.006225721118580771
2022_03_28_22_32_2022_03_28_22_14,3-5,bi-hem.,1.25-2.5,#230072B2,20,0.18529886185066885,0.1662153632333154,0.007194858792158487,0.006822097826118233
2022_03_28_22_32_2022_03_28_22_14,3-5,bi-hem.,1.25-2.5,#230072B2,25,0.18426072110213987,0.16611178564033674,0.0045509951070315914,0.006231827473997237
2022_03_28_22_32_2022_03_28_22_14,3-5,bi-hem.,1.25-2.5,#230072B2,30,0.18276524385428575,0.16348702701370338,0.007070592216036553,0.008225753918362156
2022_03_28_22_32_2022_03_28_22_14,3-5,bi-hem.,1.25-2.5,#230072B2,35,0.18494644214890002,0.16516885610573015,0.006768068684982461,0.006331615351451473
2022_03_28_22_32_2022_03_28_22_14,3-5,bi-hem.,1.25-2.5,#230072B2,40,0.1847845049225459,0.16629947932625427,0.006067465295727726,0.006522743634066041
2022_03_28_22_32_2022_03_28_22_14,3-5,bi-hem.,1.25-2.5,#230072B2,45,0.18261427862961,0.161845658861482,0.005441454547242502,0.00578031712081504
2022_03_28_22_32_2022_03_28_22_14,3-5,bi-hem.,1.25-2.5,#230072B2,50,0.18485994167523925,0.16379537531742405,0.006515901913922148,0.006115678627176007
2022_03_28_22_32_2022_03_28_22_14,3-5,bi-hem.,1.25-2.5,#230072B2,55,0.18353190257801105,0.16256180785601623,0.006952421034412354,0.008111883612796812
2022_03_28_22_32_2022_03_28_22_14,3-5,bi-hem.,1.25-2.5,#230072B2,60,0.18247086753521835,0.16205294864916456,0.005556586674723279,0.005523483643328412
2022_03_28_22_32_2022_03_28_22_14,3-5,bi-hem.,1.25-2.5,#230072B2,65,0.18004334976649874,0.15918763021919122,0.00576618658399662,0.004978806382175258
2022_03_28_22_32_2022_03_28_22_14,3-5,bi-hem.,1.25-2.5,#230072B2,70,0.18041166207437145,0.15867933886481786,0.007505870515666996,0.007456340342865557
2022_03_28_22_32_2022_03_28_22_14,3-5,bi-hem.,1.25-2.5,#230072B2,75,0.178351065017779,0.1570964963545977,0.006418218872259921,0.0061445962180699774
2022_03_28_22_32_2022_03_28_22_14,3-5,bi-hem.,1.25-2.5,#230072B2,80,0.17989246439303877,0.1603194142415603,0.006892285226571448,0.006471321270504218
2022_03_31_15_22_2022_03_31_15_04,3-5,bi-hem.,1-2,#230072B2,10,0.21554869040608543,0.18401998501234057,0.010489176603766429,0.008859243147339319
2022_03_31_15_22_2022_03_31_15_04,3-5,bi-hem.,1-2,#230072B2,15,0.21558810212945012,0.18302605052347887,0.00897173018864279,0.008095922119914318
2022_03_31_15_22_2022_03_31_15_04,3-5,bi-hem.,1-2,#230072B2,20,0.21601113214062823,0.18537344228028932,0.008685381523746084,0.008824459815390285
2022_03_31_15_22_2022_03_31_15_04,3-5,bi-hem.,1-2,#230072B2,25,0.21051463959256114,0.18003394364371597,0.005700704007883657,0.006491813217639087
2022_03_31_15_22_2022_03_31_15_04,3-5,bi-hem.,1-2,#230072B2,30,0.21263981330336382,0.18088240734828118,0.008249746179435156,0.007423461331300892
2022_03_31_15_22_2022_03_31_15_04,3-5,bi-hem.,1-2,#230072B2,35,0.21455280521542688,0.18152342658052892,0.006047224895194812,0.007651113120458769
2022_03_31_15_22_2022_03_31_15_04,3-5,bi-hem.,1-2,#230072B2,40,0.21543006920057292,0.1821576540424486,0.008297175449645759,0.008482845732091888
2022_03_31_15_22_2022_03_31_15_04,3-5,bi-hem.,1-2,#230072B2,45,0.212211056313593,0.17961380451844278,0.007211467908403499,0.00586174773784306
2022_03_31_15_22_2022_03_31_15_04,3-5,bi-hem.,1-2,#230072B2,50,0.21032938888958796,0.1763420474079935,0.009119885325699573,0.008140763456619148
2022_03_31_15_22_2022_03_31_15_04,3-5,bi-hem.,1-2,#230072B2,55,0.21077249758341748,0.17796681944111956,0.009173719304174587,0.007436126410074602
2022_03_31_15_22_2022_03_31_15_04,3-5,bi-hem.,1-2,#230072B2,60,0.2108199010434926,0.17682776076591364,0.00854079676819588,0.006931855161260328
2022_03_31_15_22_2022_03_31_15_04,3-5,bi-hem.,1-2,#230072B2,65,0.21155296270439436,0.17831309011101118,0.009037149041813228,0.008323200887278373
2022_03_31_15_22_2022_03_31_15_04,3-5,bi-hem.,1-2,#230072B2,70,0.2099897855678683,0.17807756468195587,0.007456880925880074,0.00955884070127141
2022_03_31_15_22_2022_03_31_15_04,3-5,bi-hem.,1-2,#230072B2,75,0.21049254079985724,0.1758441749009984,0.007203713930911341,0.00713782897480223
2022_03_31_15_22_2022_03_31_15_04,3-5,bi-hem.,1-2,#230072B2,80,0.2093551589634764,0.17518677892757745,0.009036055010859493,0.00822487209031871
2022_03_31_10_18_2022_03_31_09_59,1-3,mono-hem.,20-30,#56B4E9,10,0.03992747529907911,0.05538630320697422,0.0015299975686579401,0.003918943333620229
2022_03_31_10_18_2022_03_31_09_59,1-3,mono-hem.,20-30,#56B4E9,15,0.038913879139808115,0.05201846507877349,0.0013553453822603638,0.004152296030102479
2022_03_31_10_18_2022_03_31_09_59,1-3,mono-hem.,20-30,#56B4E9,20,0.037837149569486944,0.048552639699187085,0.0010575931986823125,0.0032873540961614245
2022_03_31_10_18_2022_03_31_09_59,1-3,mono-hem.,20-30,#56B4E9,25,0.03713501832475236,0.04613947119656578,0.0009551316095516079,0.002769502144593289
2022_03_31_10_18_2022_03_31_09_59,1-3,mono-hem.,20-30,#56B4E9,30,0.03661373451475908,0.04442121747571599,0.0010435014765287698,0.0027516812455136838
2022_03_31_10_18_2022_03_31_09_59,1-3,mono-hem.,20-30,#56B4E9,35,0.03592421455292104,0.04175128712954089,0.001052406477820499,0.00334824185409109
2022_03_31_10_18_2022_03_31_09_59,1-3,mono-hem.,20-30,#56B4E9,40,0.035594292711092226,0.040382540218743296,0.0008698767102148097,0.0024452703914192306
2022_03_31_10_18_2022_03_31_09_59,1-3,mono-hem.,20-30,#56B4E9,45,0.03527559443502679,0.03890725701126284,0.0007844466528376086,0.002533589326060341
2022_03_31_10_18_2022_03_31_09_59,1-3,mono-hem.,20-30,#56B4E9,50,0.03473131340514945,0.037349245620828996,0.0007732635984767249,0.001917751068138404
2022_03_31_10_18_2022_03_31_09_59,1-3,mono-hem.,20-30,#56B4E9,55,0.03429435339539136,0.03562966313647239,0.0006641526530645679,0.0017752640802133329
2022_03_31_10_18_2022_03_31_09_59,1-3,mono-hem.,20-30,#56B4E9,60,0.03398944840248792,0.03439337961774619,0.0006351947512397319,0.0020335073259991863
2022_03_31_10_18_2022_03_31_09_59,1-3,mono-hem.,20-30,#56B4E9,65,0.033207373284460995,0.03135193563397849,0.0006215525946732856,0.0020238421941910167
2022_03_31_10_18_2022_03_31_09_59,1-3,mono-hem.,20-30,#56B4E9,70,0.03294364641202195,0.03001280802215294,0.000784239577146696,0.0017539351087782055
2022_03_31_10_18_2022_03_31_09_59,1-3,mono-hem.,20-30,#56B4E9,75,0.03287173492086024,0.029764709698773206,0.0008682045180601794,0.0018151660306940413
2022_03_31_10_18_2022_03_31_09_59,1-3,mono-hem.,20-30,#56B4E9,80,0.03233231626231364,0.028182652062590144,0.0007699648274684421,0.0015205389325268995
2022_03_28_22_55_2022_03_28_22_36,1-3,mono-hem.,10-20,#56B4E9,10,0.05664854053243665,0.07459329562061287,0.0015940457718842144,0.0042039471808239005
2022_03_28_22_55_2022_03_28_22_36,1-3,mono-hem.,10-20,#56B4E9,15,0.05438088882992072,0.06922545123739685,0.0019756420930164002,0.004558385489935428
2022_03_28_22_55_2022_03_28_22_36,1-3,mono-hem.,10-20,#56B4E9,20,0.052830738899285676,0.0654513804671208,0.0016501817610223026,0.003536476077181871
2022_03_28_22_55_2022_03_28_22_36,1-3,mono-hem.,10-20,#56B4E9,25,0.05157328581349286,0.062290207484901265,0.0013821358896784486,0.003115268375424947
2022_03_28_22_55_2022_03_28_22_36,1-3,mono-hem.,10-20,#56B4E9,30,0.04995619376509191,0.059064361431918413,0.0017326172769931206,0.003994216732892135
2022_03_28_22_55_2022_03_28_22_36,1-3,mono-hem.,10-20,#56B4E9,35,0.04943035000138489,0.05685788448778799,0.0013715686035228453,0.002760889769949369
2022_03_28_22_55_2022_03_28_22_36,1-3,mono-hem.,10-20,#56B4E9,40,0.048862018574947895,0.05533480881317742,0.0016270886039522203,0.0030399990862573227
2022_03_28_22_55_2022_03_28_22_36,1-3,mono-hem.,10-20,#56B4E9,45,0.04783264718518665,0.05318485447398057,0.0013688665485968293,0.003099456151243687
2022_03_28_22_55_2022_03_28_22_36,1-3,mono-hem.,10-20,#56B4E9,50,0.0472485475334369,0.051679513571033814,0.001226804076167623,0.002670041216144011
2022_03_28_22_55_2022_03_28_22_36,1-3,mono-hem.,10-20,#56B4E9,55,0.04663020321443781,0.049554940206867105,0.0012052534974214347,0.002758533040542928
2022_03_28_22_55_2022_03_28_22_36,1-3,mono-hem.,10-20,#56B4E9,60,0.04621491153404769,0.04869581484996065,0.0011986991122291183,0.0026397368505171907
2022_03_28_22_55_2022_03_28_22_36,1-3,mono-hem.,10-20,#56B4E9,65,0.045302593011639455,0.04584888738904228,0.0012324461672739379,0.0025614073729426073
2022_03_28_22_55_2022_03_28_22_36,1-3,mono-hem.,10-20,#56B4E9,70,0.04459841836078034,0.04465373416956971,0.0010488008365312131,0.0019885189396622793
2022_03_28_22_55_2022_03_28_22_36,1-3,mono-hem.,10-20,#56B4E9,75,0.04413539704009296,0.043154121478036274,0.0011712957151148956,0.002189278858154379
2022_03_28_22_55_2022_03_28_22_36,1-3,mono-hem.,10-20,#56B4E9,80,0.04389488603796224,0.042186989185304294,0.0009549397182296276,0.0017655649295875658
2022_03_31_09_49_2022_03_31_09_27,1-3,mono-hem.,9-14,#56B4E9,10,0.06855780669541939,0.08542324507778148,0.002748927802539306,0.005607645960842821
2022_03_31_09_49_2022_03_31_09_27,1-3,mono-hem.,9-14,#56B4E9,15,0.0655967154769432,0.07969268153980813,0.0018208819334068747,0.003832493203167146
2022_03_31_09_49_2022_03_31_09_27,1-3,mono-hem.,9-14,#56B4E9,20,0.06367586478711804,0.07621429161320817,0.0016196042149589926,0.003371924733060142
2022_03_31_09_49_2022_03_31_09_27,1-3,mono-hem.,9-14,#56B4E9,25,0.06229817739416874,0.07384204900634514,0.001894514522245486,0.0045488541469715475
2022_03_31_09_49_2022_03_31_09_27,1-3,mono-hem.,9-14,#56B4E9,30,0.06080605333786093,0.07025122650759756,0.0016978085000561353,0.0034265967220914618
2022_03_31_09_49_2022_03_31_09_27,1-3,mono-hem.,9-14,#56B4E9,35,0.05974435137429253,0.0683033925321799,0.001500366239049134,0.0027640412233933633
2022_03_31_09_49_2022_03_31_09_27,1-3,mono-hem.,9-14,#56B4E9,40,0.05855590287890493,0.06466220223036637,0.0018709380494402786,0.0034734348447140215
2022_03_31_09_49_2022_03_31_09_27,1-3,mono-hem.,9-14,#56B4E9,45,0.057951158306962215,0.06424642736943766,0.0018243017273728867,0.00364986742060622
2022_03_31_09_49_2022_03_31_09_27,1-3,mono-hem.,9-14,#56B4E9,50,0.056681773408927175,0.06126956379160006,0.0015508352062563325,0.002816851118187388
2022_03_31_09_49_2022_03_31_09_27,1-3,mono-hem.,9-14,#56B4E9,55,0.05580848223658968,0.05853978729417551,0.0015580705682096013,0.0025080304905893895
2022_03_31_09_49_2022_03_31_09_27,1-3,mono-hem.,9-14,#56B4E9,60,0.05515829680457117,0.05748324469796131,0.00152310036775849,0.0024391567963085183
2022_03_31_09_49_2022_03_31_09_27,1-3,mono-hem.,9-14,#56B4E9,65,0.054741543739078705,0.05587120975672212,0.0011977918549474212,0.00274043903050497
2022_03_31_09_49_2022_03_31_09_27,1-3,mono-hem.,9-14,#56B4E9,70,0.053704504692040855,0.05346975331045291,0.0014341817547172129,0.0020258038247183783
2022_03_31_09_49_2022_03_31_09_27,1-3,mono-hem.,9-14,#56B4E9,75,0.05325218889914879,0.05261841097440816,0.001184588447989663,0.0023659691749716594
2022_03_31_09_49_2022_03_31_09_27,1-3,mono-hem.,9-14,#56B4E9,80,0.05238033181229364,0.05055127671258746,0.0014367858288493998,0.0018900415002724223
2022_03_26_07_30_2022_03_26_07_09,1-3,mono-hem.,5-10,#56B4E9,10,0.09305547859220041,0.10856314641307334,0.0029086135640120003,0.005304914082595895
2022_03_26_07_30_2022_03_26_07_09,1-3,mono-hem.,5-10,#56B4E9,15,0.09000046966840097,0.10345349359402267,0.0033951233623967453,0.005288514430039289
2022_03_26_07_30_2022_03_26_07_09,1-3,mono-hem.,5-10,#56B4E9,20,0.087832444695746,0.10021250080699641,0.0029748564024431523,0.0044342656124698055
2022_03_26_07_30_2022_03_26_07_09,1-3,mono-hem.,5-10,#56B4E9,25,0.0849677636704779,0.09573222783515531,0.00278090651079407,0.004623577834077608
2022_03_26_07_30_2022_03_26_07_09,1-3,mono-hem.,5-10,#56B4E9,30,0.08327054211616058,0.09200542899568714,0.0025144531938491943,0.003911862194457246
2022_03_26_07_30_2022_03_26_07_09,1-3,mono-hem.,5-10,#56B4E9,35,0.08113438843212371,0.08888613774293623,0.0025640974183293043,0.00428109721044855
2022_03_26_07_30_2022_03_26_07_09,1-3,mono-hem.,5-10,#56B4E9,40,0.08051017433461947,0.0875012408802574,0.002266964775259628,0.004177109708193495
2022_03_26_07_30_2022_03_26_07_09,1-3,mono-hem.,5-10,#56B4E9,45,0.07859208323116178,0.08474336247898533,0.0022048806854727777,0.0027832989391055785
2022_03_26_07_30_2022_03_26_07_09,1-3,mono-hem.,5-10,#56B4E9,50,0.07707955214145958,0.08150138651753944,0.0022031382253882596,0.004216681553685934
2022_03_26_07_30_2022_03_26_07_09,1-3,mono-hem.,5-10,#56B4E9,55,0.07664258937581492,0.07978637885862158,0.0015994889561558522,0.0026280231542027787
2022_03_26_07_30_2022_03_26_07_09,1-3,mono-hem.,5-10,#56B4E9,60,0.07533848861860655,0.07729126265851217,0.0022838543953330273,0.0033560869084982787
2022_03_26_07_30_2022_03_26_07_09,1-3,mono-hem.,5-10,#56B4E9,65,0.07406159899412694,0.07589216547269624,0.002008650620368468,0.003458735675200566
2022_03_26_07_30_2022_03_26_07_09,1-3,mono-hem.,5-10,#56B4E9,70,0.0738391582181189,0.0744549749958257,0.0023080219503440673,0.0033854003305625754
2022_03_26_07_30_2022_03_26_07_09,1-3,mono-hem.,5-10,#56B4E9,75,0.07343542334044302,0.0734790705668465,0.001977944845309089,0.0034833026164106918
2022_03_26_07_30_2022_03_26_07_09,1-3,mono-hem.,5-10,#56B4E9,80,0.07212791662882603,0.07124619804943008,0.0017740568286922019,0.0030890256645849335
2022_03_31_09_19_2022_03_31_08_48,1-3,mono-hem.,4-8,#56B4E9,10,0.10865411788224019,0.12204173818127133,0.0038871785672974844,0.007060881785859749
2022_03_31_09_19_2022_03_31_08_48,1-3,mono-hem.,4-8,#56B4E9,15,0.10410187512934799,0.11478829257154281,0.004028096333460013,0.005504445314841073
2022_03_31_09_19_2022_03_31_08_48,1-3,mono-hem.,4-8,#56B4E9,20,0.10150773448383923,0.11067201866829872,0.003396602491807108,0.0059000558011808235
2022_03_31_09_19_2022_03_31_08_48,1-3,mono-hem.,4-8,#56B4E9,25,0.09933882766182013,0.10787364399812413,0.002595299897788646,0.0034005236665522205
2022_03_31_09_19_2022_03_31_08_48,1-3,mono-hem.,4-8,#56B4E9,30,0.09737535311222488,0.10471144469637476,0.0024408297040961636,0.004502546371274393
2022_03_31_09_19_2022_03_31_08_48,1-3,mono-hem.,4-8,#56B4E9,35,0.09578056165009532,0.10205618910695383,0.0032435357842641333,0.004512260723963051
2022_03_31_09_19_2022_03_31_08_48,1-3,mono-hem.,4-8,#56B4E9,40,0.0934089343318953,0.09942555868087953,0.0033504301920011114,0.00470904062592661
2022_03_31_09_19_2022_03_31_08_48,1-3,mono-hem.,4-8,#56B4E9,45,0.09237145043310048,0.09682241454779879,0.003147184670538555,0.004891580884544511
2022_03_31_09_19_2022_03_31_08_48,1-3,mono-hem.,4-8,#56B4E9,50,0.09128457219968783,0.09543941118790761,0.002732879336561547,0.0033651619476188703
2022_03_31_09_19_2022_03_31_08_48,1-3,mono-hem.,4-8,#56B4E9,55,0.09003585998229434,0.09273732958416206,0.0024688176593079744,0.0036622963224592934
2022_03_31_09_19_2022_03_31_08_48,1-3,mono-hem.,4-8,#56B4E9,60,0.08925971421389038,0.09099391910037186,0.0028651237768289733,0.004194709049438107
2022_03_31_09_19_2022_03_31_08_48,1-3,mono-hem.,4-8,#56B4E9,65,0.08876423982842481,0.08984360728434543,0.00304971287111364,0.005264241730011253
2022_03_31_09_19_2022_03_31_08_48,1-3,mono-hem.,4-8,#56B4E9,70,0.08632166275558065,0.0868449210284324,0.0020739174679751753,0.003120138649996632
2022_03_31_09_19_2022_03_31_08_48,1-3,mono-hem.,4-8,#56B4E9,75,0.08569987147829143,0.0843692627899654,0.002236072318814696,0.0035764919454343074
2022_03_31_09_19_2022_03_31_08_48,1-3,mono-hem.,4-8,#56B4E9,80,0.08533849841490258,0.08437032408208492,0.0020190659179650365,0.003193448754570411
2022_03_28_23_41_2022_03_28_23_21,1-3,mono-hem.,2.5-5,#56B4E9,10,0.1492031773813524,0.15188434583963079,0.005230599470810457,0.006431257181337964
2022_03_28_23_41_2022_03_28_23_21,1-3,mono-hem.,2.5-5,#56B4E9,15,0.1445488727266386,0.14633946932477493,0.005106242006725115,0.006377823590781019
2022_03_28_23_41_2022_03_28_23_21,1-3,mono-hem.,2.5-5,#56B4E9,20,0.139541778105887,0.14088174962467223,0.005515474086906235,0.0069504067405678745
2022_03_28_23_41_2022_03_28_23_21,1-3,mono-hem.,2.5-5,#56B4E9,25,0.13646626668256606,0.13579192291846479,0.005586772264504093,0.007851912425049503
2022_03_28_23_41_2022_03_28_23_21,1-3,mono-hem.,2.5-5,#56B4E9,30,0.1349586103714515,0.13343949423295748,0.0041843109678923575,0.005401135385080265
2022_03_28_23_41_2022_03_28_23_21,1-3,mono-hem.,2.5-5,#56B4E9,35,0.13425368943411253,0.13366946192290755,0.0034919046070303623,0.0052950388315703
2022_03_28_23_41_2022_03_28_23_21,1-3,mono-hem.,2.5-5,#56B4E9,40,0.13143189118451745,0.12867375255856986,0.004773579458356108,0.006634935669499561
2022_03_28_23_41_2022_03_28_23_21,1-3,mono-hem.,2.5-5,#56B4E9,45,0.12906675782401084,0.12633049990511525,0.004219779068069293,0.006374677799355235
2022_03_28_23_41_2022_03_28_23_21,1-3,mono-hem.,2.5-5,#56B4E9,50,0.1280847640522968,0.12449212264915842,0.004112351055093285,0.005834164566152023
2022_03_28_23_41_2022_03_28_23_21,1-3,mono-hem.,2.5-5,#56B4E9,55,0.12678705912928484,0.12367458301045485,0.003783867947003568,0.0054154884017908606
2022_03_28_23_41_2022_03_28_23_21,1-3,mono-hem.,2.5-5,#56B4E9,60,0.12611267101230234,0.12144368925978995,0.0037530958733413993,0.00547940414547764
2022_03_28_23_41_2022_03_28_23_21,1-3,mono-hem.,2.5-5,#56B4E9,65,0.12404537201893098,0.11975577911101166,0.004019571915077133,0.004429842181909414
2022_03_28_23_41_2022_03_28_23_21,1-3,mono-hem.,2.5-5,#56B4E9,70,0.12287440263515156,0.11720294721913065,0.0030718871533274524,0.005250544082162724
2022_03_28_23_41_2022_03_28_23_21,1-3,mono-hem.,2.5-5,#56B4E9,75,0.12217401609936755,0.11646719261149023,0.002845565505937869,0.004257414984167071
2022_03_28_23_41_2022_03_28_23_21,1-3,mono-hem.,2.5-5,#56B4E9,80,0.12035980663904948,0.11442810638708542,0.0035906392314768603,0.004572315716482546
2022_03_31_08_45_2022_03_31_08_27,1-3,mono-hem.,2-4,#56B4E9,10,0.1710786137854067,0.16435939440499617,0.006385909420955899,0.00696706795162598
2022_03_31_08_45_2022_03_31_08_27,1-3,mono-hem.,2-4,#56B4E9,15,0.16557298240522364,0.16084557328064839,0.00803246214731489,0.00928938163999474
2022_03_31_08_45_2022_03_31_08_27,1-3,mono-hem.,2-4,#56B4E9,20,0.16236197571500827,0.1559885558852994,0.005309322543569227,0.00804059847994054
2022_03_31_08_45_2022_03_31_08_27,1-3,mono-hem.,2-4,#56B4E9,25,0.16042910619280218,0.15380604078975751,0.0064828147026831165,0.007939108340998046
2022_03_31_08_45_2022_03_31_08_27,1-3,mono-hem.,2-4,#56B4E9,30,0.15705662173817067,0.15034670920171936,0.004772565390796793,0.0058612189812233765
2022_03_31_08_45_2022_03_31_08_27,1-3,mono-hem.,2-4,#56B4E9,35,0.15456350658628265,0.1473619998241535,0.003856015840522775,0.0056251832486567364
2022_03_31_08_45_2022_03_31_08_27,1-3,mono-hem.,2-4,#56B4E9,40,0.15362942910926236,0.14607614959442403,0.0035268476078071827,0.005881510396970106
2022_03_31_08_45_2022_03_31_08_27,1-3,mono-hem.,2-4,#56B4E9,45,0.15018245698237964,0.14195105925708615,0.005646252784947001,0.006885855962131288
2022_03_31_08_45_2022_03_31_08_27,1-3,mono-hem.,2-4,#56B4E9,50,0.15155948041986053,0.1428314735605235,0.004672316798528298,0.006609979351659655
2022_03_31_08_45_2022_03_31_08_27,1-3,mono-hem.,2-4,#56B4E9,55,0.14888131681669575,0.14010368615521987,0.004890288399356565,0.005384784834374744
2022_03_31_08_45_2022_03_31_08_27,1-3,mono-hem.,2-4,#56B4E9,60,0.14635115281383065,0.13842822943346386,0.004111535674179322,0.007050384810263404
2022_03_31_08_45_2022_03_31_08_27,1-3,mono-hem.,2-4,#56B4E9,65,0.1461652665538126,0.1364816856164954,0.0037172460800511736,0.005120980688983192
2022_03_31_08_45_2022_03_31_08_27,1-3,mono-hem.,2-4,#56B4E9,70,0.1435994714059531,0.13343657914399948,0.003912560660935241,0.00550940275637486
2022_03_31_08_45_2022_03_31_08_27,1-3,mono-hem.,2-4,#56B4E9,75,0.14330646939227495,0.13214902163307019,0.005387202734390589,0.007213848046724272
2022_03_31_08_45_2022_03_31_08_27,1-3,mono-hem.,2-4,#56B4E9,80,0.14149554416516696,0.13107707180528239,0.0038978980825360525,0.005044147060074179
2022_03_31_17_25_2022_03_31_17_08,1-3,mono-hem.,1-2,#56B4E9,10,0.24387500141609766,0.20265286975870112,0.012957721737509089,0.010734003579253176
2022_03_31_17_25_2022_03_31_17_08,1-3,mono-hem.,1-2,#56B4E9,15,0.241158138757769,0.20008915868863267,0.010478533347069404,0.009131843841157974
2022_03_31_17_25_2022_03_31_17_08,1-3,mono-hem.,1-2,#56B4E9,20,0.23578210020334353,0.19461860899566044,0.0077040517707012085,0.008146109554120737
2022_03_31_17_25_2022_03_31_17_08,1-3,mono-hem.,1-2,#56B4E9,25,0.2374860157467739,0.19559556970126088,0.009353539026291444,0.01069052248496132
2022_03_31_17_25_2022_03_31_17_08,1-3,mono-hem.,1-2,#56B4E9,30,0.23554542943378876,0.19104441506785572,0.010178266071293006,0.0109354473247086
2022_03_31_17_25_2022_03_31_17_08,1-3,mono-hem.,1-2,#56B4E9,35,0.23312581644457234,0.19020394601838989,0.010307895053879305,0.008938931597379834
2022_03_31_17_25_2022_03_31_17_08,1-3,mono-hem.,1-2,#56B4E9,40,0.23044794598771084,0.1900652745290002,0.009784908515011011,0.009668430615053443
2022_03_31_17_25_2022_03_31_17_08,1-3,mono-hem.,1-2,#56B4E9,45,0.22909797625277747,0.1871597374481881,0.007461329670374593,0.009174772455462232
2022_03_31_17_25_2022_03_31_17_08,1-3,mono-hem.,1-2,#56B4E9,50,0.22825067275669345,0.18720972716231168,0.006980302907556931,0.008024120591934008
2022_03_31_17_25_2022_03_31_17_08,1-3,mono-hem.,1-2,#56B4E9,55,0.22783959366476983,0.18557567562671146,0.007920947930299536,0.009611476761164061
2022_03_31_17_25_2022_03_31_17_08,1-3,mono-hem.,1-2,#56B4E9,60,0.2258381498499623,0.18405041554848026,0.008268805103068188,0.007951295560387093
2022_03_31_17_25_2022_03_31_17_08,1-3,mono-hem.,1-2,#56B4E9,65,0.2268115354475888,0.18323710761013312,0.007705078831115171,0.008976310273382514
2022_03_31_17_25_2022_03_31_17_08,1-3,mono-hem.,1-2,#56B4E9,70,0.22260305582583842,0.1825214080391078,0.006700845379442403,0.006214473101056098
2022_03_31_17_25_2022_03_31_17_08,1-3,mono-hem.,1-2,#56B4E9,75,0.22305331355347538,0.1833854563640996,0.006538484922618427,0.006712643842066273
2022_03_31_17_25_2022_03_31_17_08,1-3,mono-hem.,1-2,#56B4E9,80,0.22260792736019772,0.1807760136719184,0.007848987698999492,0.00813387097902355
2022_03_31_10_42_2022_03_31_10_22,3-5,mono-hem.,10-15,#009E73,10,0.04069721569354726,0.04049141259687825,0.0010028237232722788,0.0016110834712598765
2022_03_31_10_42_2022_03_31_10_22,3-5,mono-hem.,10-15,#009E73,15,0.039190848192934044,0.038277876514730344,0.0009158791953856382,0.0016479732379870286
2022_03_31_10_42_2022_03_31_10_22,3-5,mono-hem.,10-15,#009E73,20,0.0380568038949563,0.03656064056677654,0.0007420352356534852,0.0013075025468979005
2022_03_31_10_42_2022_03_31_10_22,3-5,mono-hem.,10-15,#009E73,25,0.037306490188567985,0.034958073384680925,0.0007747153951345516,0.0015714154162158188
2022_03_31_10_42_2022_03_31_10_22,3-5,mono-hem.,10-15,#009E73,30,0.036233450872710696,0.03295792664817912,0.0006578167227690322,0.0016576374207845114
2022_03_31_10_42_2022_03_31_10_22,3-5,mono-hem.,10-15,#009E73,35,0.03567905165526839,0.03188264762258639,0.0005858988777192528,0.0015472332154124484
2022_03_31_10_42_2022_03_31_10_22,3-5,mono-hem.,10-15,#009E73,40,0.03506972938449367,0.030669196655995167,0.0005945213243582584,0.0015950026869192922
2022_03_31_10_42_2022_03_31_10_22,3-5,mono-hem.,10-15,#009E73,45,0.03436476806906434,0.029315759463464885,0.0006134138476655929,0.0014187067083574836
2022_03_31_10_42_2022_03_31_10_22,3-5,mono-hem.,10-15,#009E73,50,0.03372939220180368,0.028094455327265632,0.000582131789827748,0.0012860793777767564
2022_03_31_10_42_2022_03_31_10_22,3-5,mono-hem.,10-15,#009E73,55,0.03343883053984217,0.027660123247050663,0.0005400746518492832,0.0010435757814030965
2022_03_31_10_42_2022_03_31_10_22,3-5,mono-hem.,10-15,#009E73,60,0.032955604367707246,0.0265457249728292,0.0005091871333125832,0.0013207365356838136
2022_03_31_10_42_2022_03_31_10_22,3-5,mono-hem.,10-15,#009E73,65,0.03241819917539055,0.0250994203402461,0.0003753075850506838,0.0008100535071269401
2022_03_31_10_42_2022_03_31_10_22,3-5,mono-hem.,10-15,#009E73,70,0.032079576064036414,0.024417268952021485,0.00046002595476936814,0.0009589023948537068
2022_03_31_10_42_2022_03_31_10_22,3-5,mono-hem.,10-15,#009E73,75,0.03159220195836888,0.023568125938802392,0.00044651337824374996,0.0010585825874110193
2022_03_31_10_42_2022_03_31_10_22,3-5,mono-hem.,10-15,#009E73,80,0.031115040760139514,0.02259304789899769,0.0003546343261945937,0.000794109275945465
2022_03_28_23_17_2022_03_28_22_57,3-5,mono-hem.,5-10,#009E73,10,0.05898732513607028,0.06079384609535681,0.0018065059775667087,0.002797791756614692
2022_03_28_23_17_2022_03_28_22_57,3-5,mono-hem.,5-10,#009E73,15,0.056289953301274495,0.05704411917916073,0.0015788432911915974,0.0024564226688670015
2022_03_28_23_17_2022_03_28_22_57,3-5,mono-hem.,5-10,#009E73,20,0.0540105117315488,0.05408159542775498,0.001339785053099045,0.0024842958677263483
2022_03_28_23_17_2022_03_28_22_57,3-5,mono-hem.,5-10,#009E73,25,0.05283774048918612,0.05186415769048543,0.0014434444536329677,0.0024508284255922463
2022_03_28_23_17_2022_03_28_22_57,3-5,mono-hem.,5-10,#009E73,30,0.05142307582663415,0.04971470905453862,0.0011083784191284081,0.0019786007012176435
2022_03_28_23_17_2022_03_28_22_57,3-5,mono-hem.,5-10,#009E73,35,0.05026312130755332,0.04782485463066166,0.0008953209358239952,0.001888124826255764
2022_03_28_23_17_2022_03_28_22_57,3-5,mono-hem.,5-10,#009E73,40,0.049095178446634066,0.045986821813349066,0.0010130959751822653,0.0017936613678131029
2022_03_28_23_17_2022_03_28_22_57,3-5,mono-hem.,5-10,#009E73,45,0.04808790122277279,0.04428657289820345,0.0010521841523957248,0.0018315258243663836
2022_03_28_23_17_2022_03_28_22_57,3-5,mono-hem.,5-10,#009E73,50,0.04742080905057085,0.043368772783344785,0.0009085924243100268,0.0017705826556074014
2022_03_28_23_17_2022_03_28_22_57,3-5,mono-hem.,5-10,#009E73,55,0.04659281368550549,0.04179372002137083,0.0007037582435698381,0.0015720432123049154
2022_03_28_23_17_2022_03_28_22_57,3-5,mono-hem.,5-10,#009E73,60,0.045903075438016014,0.04043864350052289,0.0007957251340798227,0.0013368060978032003
2022_03_28_23_17_2022_03_28_22_57,3-5,mono-hem.,5-10,#009E73,65,0.04513381136654705,0.03915313615565956,0.0008087685538353409,0.0015215788974040037
2022_03_28_23_17_2022_03_28_22_57,3-5,mono-hem.,5-10,#009E73,70,0.044581133986012385,0.03828722917442626,0.0006766597692850509,0.0014273601749361189
2022_03_28_23_17_2022_03_28_22_57,3-5,mono-hem.,5-10,#009E73,75,0.043860229209446516,0.03679042029133266,0.0006530926420537147,0.0012732423870286855
2022_03_28_23_17_2022_03_28_22_57,3-5,mono-hem.,5-10,#009E73,80,0.04328513115349316,0.03579475078022642,0.0008240004968568322,0.0012258350310563207
2022_03_31_11_21_2022_03_31_10_48,3-5,mono-hem.,4-7,#009E73,10,0.07434484164891761,0.07604560598885239,0.0022225446998207056,0.0034019652451777534
2022_03_31_11_21_2022_03_31_10_48,3-5,mono-hem.,4-7,#009E73,15,0.07119938341379692,0.0724201572521069,0.001889606487200342,0.0030206362659629697
2022_03_31_11_21_2022_03_31_10_48,3-5,mono-hem.,4-7,#009E73,20,0.06899151872405009,0.06871511729296548,0.0020246465823909603,0.002858451602696764
2022_03_31_11_21_2022_03_31_10_48,3-5,mono-hem.,4-7,#009E73,25,0.06640644544273672,0.06594103814277685,0.0019425032867328592,0.0026581118085487504
2022_03_31_11_21_2022_03_31_10_48,3-5,mono-hem.,4-7,#009E73,30,0.06453759057012314,0.06323317563801352,0.0016554450627431683,0.002932517609177269
2022_03_31_11_21_2022_03_31_10_48,3-5,mono-hem.,4-7,#009E73,35,0.06299419998736873,0.06083948481721757,0.0016873429364399773,0.0029648288554729187
2022_03_31_11_21_2022_03_31_10_48,3-5,mono-hem.,4-7,#009E73,40,0.061574659130320154,0.05840071170364892,0.0016465486865006329,0.002453236513646148
2022_03_31_11_21_2022_03_31_10_48,3-5,mono-hem.,4-7,#009E73,45,0.0601693037980827,0.056397784767417664,0.0009220921971466417,0.0017381960406279622
2022_03_31_11_21_2022_03_31_10_48,3-5,mono-hem.,4-7,#009E73,50,0.0592211825539098,0.05478180234816513,0.0014680686341048332,0.0019175662584857867
2022_03_31_11_21_2022_03_31_10_48,3-5,mono-hem.,4-7,#009E73,55,0.05849148007572922,0.05376403664904705,0.0011770149272979568,0.00196589182075785
2022_03_31_11_21_2022_03_31_10_48,3-5,mono-hem.,4-7,#009E73,60,0.05763886043852821,0.052455678645692595,0.0010973975812502128,0.002051582624663397
2022_03_31_11_21_2022_03_31_10_48,3-5,mono-hem.,4-7,#009E73,65,0.05656359436008864,0.05069128040495313,0.001051308527383977,0.0019796649055346316
2022_03_31_11_21_2022_03_31_10_48,3-5,mono-hem.,4-7,#009E73,70,0.05544292012146601,0.04864850937798551,0.0010998098686714614,0.0014869407865303243
2022_03_31_11_21_2022_03_31_10_48,3-5,mono-hem.,4-7,#009E73,75,0.054805208056183864,0.04757336697262531,0.0010924443657612211,0.0015061986526439049
2022_03_31_11_21_2022_03_31_10_48,3-5,mono-hem.,4-7,#009E73,80,0.05425958806198548,0.04639389981714458,0.0012540926170905673,0.0016316502666640837
2022_03_25_19_35_2022_03_25_19_16,3-5,mono-hem.,2.5-5,#009E73,10,0.09922175830146494,0.09933536239196127,0.0030040436078119324,0.004460543396084676
2022_03_25_19_35_2022_03_25_19_16,3-5,mono-hem.,2.5-5,#009E73,15,0.09588494141739792,0.09549019786583975,0.0029241510124462904,0.00396311348229594
2022_03_25_19_35_2022_03_25_19_16,3-5,mono-hem.,2.5-5,#009E73,20,0.0916889001766669,0.09071366448885136,0.002417129811845429,0.003087064042729745
2022_03_25_19_35_2022_03_25_19_16,3-5,mono-hem.,2.5-5,#009E73,25,0.08957914637665434,0.08837341629211792,0.002417184218997153,0.0035905729120007802
2022_03_25_19_35_2022_03_25_19_16,3-5,mono-hem.,2.5-5,#009E73,30,0.08698116591292009,0.08510219684255974,0.0020179522087201596,0.0034439811682043463
2022_03_25_19_35_2022_03_25_19_16,3-5,mono-hem.,2.5-5,#009E73,35,0.08461361641931243,0.08120290246348702,0.0024227577730210215,0.0029590742857158606
2022_03_25_19_35_2022_03_25_19_16,3-5,mono-hem.,2.5-5,#009E73,40,0.0835258760620455,0.0804009827456489,0.002679265735152219,0.0038242694607135874
2022_03_25_19_35_2022_03_25_19_16,3-5,mono-hem.,2.5-5,#009E73,45,0.08138389698234029,0.07725734812933525,0.0019358032751995886,0.0031710544254348353
2022_03_25_19_35_2022_03_25_19_16,3-5,mono-hem.,2.5-5,#009E73,50,0.0795060973358998,0.07456802284422699,0.0020609648933838324,0.003142569524630673
2022_03_25_19_35_2022_03_25_19_16,3-5,mono-hem.,2.5-5,#009E73,55,0.07805228937658638,0.07241772084923255,0.001389465794831285,0.0029550700462303873
2022_03_25_19_35_2022_03_25_19_16,3-5,mono-hem.,2.5-5,#009E73,60,0.07734729348453986,0.07122861117304949,0.0014905167378664178,0.0025085601055695296
2022_03_25_19_35_2022_03_25_19_16,3-5,mono-hem.,2.5-5,#009E73,65,0.0760852298085875,0.0690091431699418,0.0017278549690678347,0.002286661227265381
2022_03_25_19_35_2022_03_25_19_16,3-5,mono-hem.,2.5-5,#009E73,70,0.07520461776620732,0.06803754202492648,0.0014715513542811393,0.001640859385651844
2022_03_25_19_35_2022_03_25_19_16,3-5,mono-hem.,2.5-5,#009E73,75,0.07393936221424594,0.06631861184463463,0.001520942744903836,0.002417924189697373
2022_03_25_19_35_2022_03_25_19_16,3-5,mono-hem.,2.5-5,#009E73,80,0.07309726220848223,0.06534397745979934,0.001102816473872498,0.002206200174090698
2022_03_31_11_50_2022_03_31_11_23,3-5,mono-hem.,2-4,#009E73,10,0.11799657373803844,0.11526886708417088,0.0033148739457977703,0.0041465948549197565
2022_03_31_11_50_2022_03_31_11_23,3-5,mono-hem.,2-4,#009E73,15,0.11448599966437319,0.11125014494549282,0.00340315997110886,0.004398841389590934
2022_03_31_11_50_2022_03_31_11_23,3-5,mono-hem.,2-4,#009E73,20,0.10927069410118542,0.10571958454760548,0.0031632050003785953,0.00352195187487059
2022_03_31_11_50_2022_03_31_11_23,3-5,mono-hem.,2-4,#009E73,25,0.10654930678170048,0.10371509591106728,0.002574717458414678,0.003390862167819227
2022_03_31_11_50_2022_03_31_11_23,3-5,mono-hem.,2-4,#009E73,30,0.10246428005261964,0.09757878211177794,0.00237514459695384,0.00317516838777875
2022_03_31_11_50_2022_03_31_11_23,3-5,mono-hem.,2-4,#009E73,35,0.10044630321110964,0.0950179444291632,0.0026801840180992907,0.004459819469413373
2022_03_31_11_50_2022_03_31_11_23,3-5,mono-hem.,2-4,#009E73,40,0.09886511516297664,0.09333971713972809,0.002312827438105157,0.00312746242089593
2022_03_31_11_50_2022_03_31_11_23,3-5,mono-hem.,2-4,#009E73,45,0.09663409687106721,0.09070597917089607,0.0022518579781735746,0.0032933305928605355
2022_03_31_11_50_2022_03_31_11_23,3-5,mono-hem.,2-4,#009E73,50,0.09480570479007343,0.08846107067169162,0.0018699899489951033,0.0030890154476273953
2022_03_31_11_50_2022_03_31_11_23,3-5,mono-hem.,2-4,#009E73,55,0.09347848429614049,0.08703074430940846,0.0016682072848610654,0.00227081789400093
2022_03_31_11_50_2022_03_31_11_23,3-5,mono-hem.,2-4,#009E73,60,0.09248384629216178,0.08545792439870122,0.0021792902437643875,0.00332579014224973
2022_03_31_11_50_2022_03_31_11_23,3-5,mono-hem.,2-4,#009E73,65,0.0907751966738056,0.08332604575388113,0.0014559536594848722,0.0022024701918902903
2022_03_31_11_50_2022_03_31_11_23,3-5,mono-hem.,2-4,#009E73,70,0.08960919980450215,0.08107200357628314,0.0015503187594361663,0.002466832815458947
2022_03_31_11_50_2022_03_31_11_23,3-5,mono-hem.,2-4,#009E73,75,0.08840856637289146,0.07907886713215453,0.0014063610894688662,0.0025046792912886188
2022_03_31_11_50_2022_03_31_11_23,3-5,mono-hem.,2-4,#009E73,80,0.08742031750374937,0.07753429164163046,0.0020454305554468443,0.0027495117619406304
2022_03_29_00_08_2022_03_28_23_49,3-5,mono-hem.,1.25-2.5,#009E73,10,0.16338296974311034,0.15214384545437734,0.005892528192160854,0.0077751875293047305
2022_03_29_00_08_2022_03_28_23_49,3-5,mono-hem.,1.25-2.5,#009E73,15,0.15752010478916434,0.1450924167781717,0.005375107248056241,0.006552093623363675
2022_03_29_00_08_2022_03_28_23_49,3-5,mono-hem.,1.25-2.5,#009E73,20,0.15200171361139903,0.13972742920456893,0.0045030155862560576,0.005354684252191335
2022_03_29_00_08_2022_03_28_23_49,3-5,mono-hem.,1.25-2.5,#009E73,25,0.14862636641121038,0.13733015845956625,0.0058110804278258795,0.006117900107285153
2022_03_29_00_08_2022_03_28_23_49,3-5,mono-hem.,1.25-2.5,#009E73,30,0.1448187302425857,0.13296672296226744,0.0037428842210744536,0.004453841718784992
2022_03_29_00_08_2022_03_28_23_49,3-5,mono-hem.,1.25-2.5,#009E73,35,0.14223431954199645,0.13080556578024344,0.004092345546969599,0.0043753668940680794
2022_03_29_00_08_2022_03_28_23_49,3-5,mono-hem.,1.25-2.5,#009E73,40,0.13783900464023296,0.12581399913340408,0.003717133239994385,0.004919911695191956
2022_03_29_00_08_2022_03_28_23_49,3-5,mono-hem.,1.25-2.5,#009E73,45,0.13742458088657145,0.12512012076516532,0.0035860086224274485,0.004466811190417227
2022_03_29_00_08_2022_03_28_23_49,3-5,mono-hem.,1.25-2.5,#009E73,50,0.13634734357417203,0.12354486161250275,0.0037185961221071436,0.0045968302886753905
2022_03_29_00_08_2022_03_28_23_49,3-5,mono-hem.,1.25-2.5,#009E73,55,0.13379152036027714,0.12061546579555049,0.0038767189614816104,0.005299226797184819
2022_03_29_00_08_2022_03_28_23_49,3-5,mono-hem.,1.25-2.5,#009E73,60,0.13169776375596134,0.11858375907129846,0.0035457294990347043,0.005068724586487054
2022_03_29_00_08_2022_03_28_23_49,3-5,mono-hem.,1.25-2.5,#009E73,65,0.13058527357464697,0.11680083078893856,0.003428294058151699,0.003318805208368583
2022_03_29_00_08_2022_03_28_23_49,3-5,mono-hem.,1.25-2.5,#009E73,70,0.1284094499210587,0.1139247110848487,0.0032387078740813815,0.0033784479338010106
2022_03_29_00_08_2022_03_28_23_49,3-5,mono-hem.,1.25-2.5,#009E73,75,0.12737691740970503,0.1127578227030253,0.0024872031402962793,0.003161079958296188
2022_03_29_00_08_2022_03_28_23_49,3-5,mono-hem.,1.25-2.5,#009E73,80,0.1257237923456744,0.11112740628758436,0.0027829588301356597,0.003769436320301205
2022_03_31_12_11_2022_03_31_11_52,3-5,mono-hem.,1-2,#009E73,10,0.19176436338378994,0.16677557900644743,0.007227924348830479,0.007131246005686491
2022_03_31_12_11_2022_03_31_11_52,3-5,mono-hem.,1-2,#009E73,15,0.18357754966784698,0.16066796019751403,0.005391674802457036,0.005585502525586553
2022_03_31_12_11_2022_03_31_11_52,3-5,mono-hem.,1-2,#009E73,20,0.17676965561319424,0.15666396344291253,0.0062750818889436965,0.0064980158965770125
2022_03_31_12_11_2022_03_31_11_52,3-5,mono-hem.,1-2,#009E73,25,0.17519949477291438,0.1539546341357539,0.005566604801800782,0.007136585927146995
2022_03_31_12_11_2022_03_31_11_52,3-5,mono-hem.,1-2,#009E73,30,0.17069848589051628,0.1504356074910286,0.004075499408249697,0.004976654724418323
2022_03_31_12_11_2022_03_31_11_52,3-5,mono-hem.,1-2,#009E73,35,0.16857709538845428,0.14688924167501166,0.004746763552992875,0.005779007566337123
2022_03_31_12_11_2022_03_31_11_52,3-5,mono-hem.,1-2,#009E73,40,0.16520080240596066,0.1437277801878639,0.004204222410994732,0.004046526443542947
2022_03_31_12_11_2022_03_31_11_52,3-5,mono-hem.,1-2,#009E73,45,0.16157590763773802,0.14139882712113364,0.004572901568222802,0.004051249625218514
2022_03_31_12_11_2022_03_31_11_52,3-5,mono-hem.,1-2,#009E73,50,0.16070297269961709,0.1406832277280272,0.0043788241462776635,0.005886328767699821
2022_03_31_12_11_2022_03_31_11_52,3-5,mono-hem.,1-2,#009E73,55,0.15808360885241823,0.13823083069351635,0.004369452654976154,0.005572983532318041
2022_03_31_12_11_2022_03_31_11_52,3-5,mono-hem.,1-2,#009E73,60,0.15673095408448579,0.13672288433026625,0.004607317446559645,0.004379550058370102
2022_03_31_12_11_2022_03_31_11_52,3-5,mono-hem.,1-2,#009E73,65,0.15468139711517317,0.13470471060216302,0.003545391028667637,0.003899841543309297
2022_03_31_12_11_2022_03_31_11_52,3-5,mono-hem.,1-2,#009E73,70,0.15298112935950878,0.13337217080161953,0.003090665799214457,0.003640671352659784
2022_03_31_12_11_2022_03_31_11_52,3-5,mono-hem.,1-2,#009E73,75,0.15327976908615842,0.1323686949829522,0.004232370580023714,0.004419605673197738
2022_03_31_12_11_2022_03_31_11_52,3-5,mono-hem.,1-2,#009E73,80,0.1500964608882833,0.12904607755205877,0.0032849064512800084,0.004504595661622903
2022_03_31_18_39_2022_03_31_18_16,3-5,mono-hem.,1,#009E73,10,0.2475233310257751,0.1971926918743616,0.01011044959764642,0.007342252267872939
2022_03_31_18_39_2022_03_31_18_16,3-5,mono-hem.,1,#009E73,15,0.24006635888896408,0.18940579301559285,0.011063498826451398,0.010572083010582699
2022_03_31_18_39_2022_03_31_18_16,3-5,mono-hem.,1,#009E73,20,0.23450867482107485,0.18772254608962405,0.010918411772284295,0.009216157570585186
2022_03_31_18_39_2022_03_31_18_16,3-5,mono-hem.,1,#009E73,25,0.2313387020918092,0.1836498873543834,0.008844707807869352,0.007466811916946978
2022_03_31_18_39_2022_03_31_18_16,3-5,mono-hem.,1,#009E73,30,0.22426107456445696,0.1815028401119239,0.008583057183424064,0.008368914148458383
2022_03_31_18_39_2022_03_31_18_16,3-5,mono-hem.,1,#009E73,35,0.22421664842384295,0.17833858820657603,0.007618679023480861,0.008353676819406944
2022_03_31_18_39_2022_03_31_18_16,3-5,mono-hem.,1,#009E73,40,0.22087523446190988,0.17626163680999998,0.007887623032234928,0.008469088420730497
2022_03_31_18_39_2022_03_31_18_16,3-5,mono-hem.,1,#009E73,45,0.21939518245644693,0.17558245795760305,0.0075387614760063695,0.006453121548566323
2022_03_31_18_39_2022_03_31_18_16,3-5,mono-hem.,1,#009E73,50,0.2160939875898056,0.17406491798794996,0.006884683113062815,0.008504339646267865
2022_03_31_18_39_2022_03_31_18_16,3-5,mono-hem.,1,#009E73,55,0.21091645512442664,0.16956531996980506,0.007511216192317607,0.006697566361214157
2022_03_31_18_39_2022_03_31_18_16,3-5,mono-hem.,1,#009E73,60,0.212378142299101,0.1712904063391706,0.007023534205798501,0.007347090900581355
2022_03_31_18_39_2022_03_31_18_16,3-5,mono-hem.,1,#009E73,65,0.21037572216158537,0.16810575416879422,0.006634371297500218,0.007651471909349126
2022_03_31_18_39_2022_03_31_18_16,3-5,mono-hem.,1,#009E73,70,0.20695280230430843,0.16482479562391353,0.006133030290999716,0.006013332497740514
2022_03_31_18_39_2022_03_31_18_16,3-5,mono-hem.,1,#009E73,75,0.20779953723769437,0.1678258470898279,0.006023746575402198,0.0057993946402439475
2022_03_31_18_39_2022_03_31_18_16,3-5,mono-hem.,1,#009E73,80,0.20740719307936753,0.16580905319283715,0.005400790937582903,0.0053924308528353875
